Date,Day,VegPrices,MeatPrices,PoultryPrices,FishPrices,LegumesBeansNutsPrices,GrainsPrices,EggCheesePrices,OtherPrices,EatingOutPrices
2/1/2019,1,1,1,1,1,1,1,1,1,1
2/2/2019,2,1,1,1,1,1,1,1,1,1
2/3/2019,3,1,1,1,1,1,1,1,1,1
2/4/2019,4,1,1,1,1,1,1,1,1,1
2/5/2019,5,1,1,1,1,1,1,1,1,1
2/6/2019,6,1,1,1,1,1,1,1,1,1
2/7/2019,7,1,1,1,1,1,1,1,1,1
2/8/2019,8,1,1,1,1,1,1,1,1,1
2/9/2019,9,1,1,1,1,1,1,1,1,1
2/10/2019,10,1,1,1,1,1,1,1,1,1
2/11/2019,11,1,1,1,1,1,1,1,1,1
2/12/2019,12,1,1,1,1,1,1,1,1,1
2/13/2019,13,1,1,1,1,1,1,1,1,1
2/14/2019,14,1,1,1,1,1,1,1,1,1
2/15/2019,15,1,1,1,1,1,1,1,1,1
2/16/2019,16,1,1,1,1,1,1,1,1,1
2/17/2019,17,1,1,1,1,1,1,1,1,1
2/18/2019,18,1,1,1,1,1,1,1,1,1
2/19/2019,19,1,1,1,1,1,1,1,1,1
2/20/2019,20,1,1,1,1,1,1,1,1,1
2/21/2019,21,1,1,1,1,1,1,1,1,1
2/22/2019,22,1,1,1,1,1,1,1,1,1
2/23/2019,23,1,1,1,1,1,1,1,1,1
2/24/2019,24,1,1,1,1,1,1,1,1,1
2/25/2019,25,1,1,1,1,1,1,1,1,1
2/26/2019,26,1,1,1,1,1,1,1,1,1
2/27/2019,27,1,1,1,1,1,1,1,1,1
2/28/2019,28,1,1,1,1,1,1,1,1,1
3/1/2019,29,1,1,1,1,1,1,1,1,1
3/2/2019,30,1,1,1,1,1,1,1,1,1
3/3/2019,31,1,1,1,1,1,1,1,1,1
3/4/2019,32,1,1,1,1,1,1,1,1,1
3/5/2019,33,1,1,1,1,1,1,1,1,1
3/6/2019,34,1,1,1,1,1,1,1,1,1
3/7/2019,35,1,1,1,1,1,1,1,1,1
3/8/2019,36,1,1,1,1,1,1,1,1,1
3/9/2019,37,1,1,1,1,1,1,1,1,1
3/10/2019,38,1,1,1,1,1,1,1,1,1
3/11/2019,39,1,1,1,1,1,1,1,1,1
3/12/2019,40,1,1,1,1,1,1,1,1,1
3/13/2019,41,1,1,1,1,1,1,1,1,1
3/14/2019,42,1,1,1,1,1,1,1,1,1
3/15/2019,43,1,1,1,1,1,1,1,1,1
3/16/2019,44,1,1,1,1,1,1,1,1,1
3/17/2019,45,1,1,1,1,1,1,1,1,1
3/18/2019,46,1,1,1,1,1,1,1,1,1
3/19/2019,47,1,1,1,1,1,1,1,1,1
3/20/2019,48,1,1,1,1,1,1,1,1,1
3/21/2019,49,1,1,1,1,1,1,1,1,1
3/22/2019,50,1,1,1,1,1,1,1,1,1
3/23/2019,51,1,1,1,1,1,1,1,1,1
3/24/2019,52,1,1,1,1,1,1,1,1,1
3/25/2019,53,1,1,1,1,1,1,1,1,1
3/26/2019,54,1,1,1,1,1,1,1,1,1
3/27/2019,55,1,1,1,1,1,1,1,1,1
3/28/2019,56,1,1,1,1,1,1,1,1,1
3/29/2019,57,1,1,1,1,1,1,1,1,1
3/30/2019,58,1,1,1,1,1,1,1,1,1
3/31/2019,59,1,1,1,1,1,1,1,1,1
4/1/2019,60,0.998621597,0.991862224,0.991862224,0.991862224,0.98452575,0.98452575,0.984735837,0.987652153,1
4/2/2019,61,0.998621597,0.991862224,0.991862224,0.991862224,0.98452575,0.98452575,0.984735837,0.987652153,1
4/3/2019,62,0.998621597,0.991862224,0.991862224,0.991862224,0.98452575,0.98452575,0.984735837,0.987652153,1
4/4/2019,63,0.998621597,0.991862224,0.991862224,0.991862224,0.98452575,0.98452575,0.984735837,0.987652153,1
4/5/2019,64,0.998621597,0.991862224,0.991862224,0.991862224,0.98452575,0.98452575,0.984735837,0.987652153,1
4/6/2019,65,0.998621597,0.991862224,0.991862224,0.991862224,0.98452575,0.98452575,0.984735837,0.987652153,1
4/7/2019,66,0.998621597,0.991862224,0.991862224,0.991862224,0.98452575,0.98452575,0.984735837,0.987652153,1
4/8/2019,67,0.998621597,0.991862224,0.991862224,0.991862224,0.98452575,0.98452575,0.984735837,0.987652153,1
4/9/2019,68,0.998621597,0.991862224,0.991862224,0.991862224,0.98452575,0.98452575,0.984735837,0.987652153,1
4/10/2019,69,0.998621597,0.991862224,0.991862224,0.991862224,0.98452575,0.98452575,0.984735837,0.987652153,1
4/11/2019,70,0.998621597,0.991862224,0.991862224,0.991862224,0.98452575,0.98452575,0.984735837,0.987652153,1
4/12/2019,71,0.998621597,0.991862224,0.991862224,0.991862224,0.98452575,0.98452575,0.984735837,0.987652153,1
4/13/2019,72,0.998621597,0.991862224,0.991862224,0.991862224,0.98452575,0.98452575,0.984735837,0.987652153,1
4/14/2019,73,0.998621597,0.991862224,0.991862224,0.991862224,0.98452575,0.98452575,0.984735837,0.987652153,1
4/15/2019,74,0.998621597,0.991862224,0.991862224,0.991862224,0.98452575,0.98452575,0.984735837,0.987652153,1
4/16/2019,75,0.998621597,0.991862224,0.991862224,0.991862224,0.98452575,0.98452575,0.984735837,0.987652153,1
4/17/2019,76,0.998621597,0.991862224,0.991862224,0.991862224,0.98452575,0.98452575,0.984735837,0.987652153,1
4/18/2019,77,0.998621597,0.991862224,0.991862224,0.991862224,0.98452575,0.98452575,0.984735837,0.987652153,1
4/19/2019,78,0.998621597,0.991862224,0.991862224,0.991862224,0.98452575,0.98452575,0.984735837,0.987652153,1
4/20/2019,79,0.998621597,0.991862224,0.991862224,0.991862224,0.98452575,0.98452575,0.984735837,0.987652153,1
4/21/2019,80,0.998621597,0.991862224,0.991862224,0.991862224,0.98452575,0.98452575,0.984735837,0.987652153,1
4/22/2019,81,0.998621597,0.991862224,0.991862224,0.991862224,0.98452575,0.98452575,0.984735837,0.987652153,1
4/23/2019,82,0.998621597,0.991862224,0.991862224,0.991862224,0.98452575,0.98452575,0.984735837,0.987652153,1
4/24/2019,83,0.998621597,0.991862224,0.991862224,0.991862224,0.98452575,0.98452575,0.984735837,0.987652153,1
4/25/2019,84,0.998621597,0.991862224,0.991862224,0.991862224,0.98452575,0.98452575,0.984735837,0.987652153,1
4/26/2019,85,0.998621597,0.991862224,0.991862224,0.991862224,0.98452575,0.98452575,0.984735837,0.987652153,1
4/27/2019,86,0.998621597,0.991862224,0.991862224,0.991862224,0.98452575,0.98452575,0.984735837,0.987652153,1
4/28/2019,87,0.998621597,0.991862224,0.991862224,0.991862224,0.98452575,0.98452575,0.984735837,0.987652153,1
4/29/2019,88,0.998621597,0.991862224,0.991862224,0.991862224,0.98452575,0.98452575,0.984735837,0.987652153,1
4/30/2019,89,0.998621597,0.991862224,0.991862224,0.991862224,0.98452575,0.98452575,0.984735837,0.987652153,1
5/1/2019,90,0.998621597,0.991862224,0.991862224,0.991862224,0.98452575,0.98452575,0.984735837,0.987652153,1
5/2/2019,91,0.998621597,0.991862224,0.991862224,0.991862224,0.98452575,0.98452575,0.984735837,0.987652153,1
5/3/2019,92,0.998621597,0.991862224,0.991862224,0.991862224,0.98452575,0.98452575,0.984735837,0.987652153,1
5/4/2019,93,0.998621597,0.991862224,0.991862224,0.991862224,0.98452575,0.98452575,0.984735837,0.987652153,1
5/5/2019,94,0.998621597,0.991862224,0.991862224,0.991862224,0.98452575,0.98452575,0.984735837,0.987652153,1
5/6/2019,95,0.998621597,0.991862224,0.991862224,0.991862224,0.98452575,0.98452575,0.984735837,0.987652153,1
5/7/2019,96,0.998621597,0.991862224,0.991862224,0.991862224,0.98452575,0.98452575,0.984735837,0.987652153,1
5/8/2019,97,0.998621597,0.991862224,0.991862224,0.991862224,0.98452575,0.98452575,0.984735837,0.987652153,1
5/9/2019,98,0.998621597,0.991862224,0.991862224,0.991862224,0.98452575,0.98452575,0.984735837,0.987652153,1
5/10/2019,99,0.998621597,0.991862224,0.991862224,0.991862224,0.98452575,0.98452575,0.984735837,0.987652153,1
5/11/2019,100,0.998621597,0.991862224,0.991862224,0.991862224,0.98452575,0.98452575,0.984735837,0.987652153,1
5/12/2019,101,0.998621597,0.991862224,0.991862224,0.991862224,0.98452575,0.98452575,0.984735837,0.987652153,1
5/13/2019,102,0.998621597,0.991862224,0.991862224,0.991862224,0.98452575,0.98452575,0.984735837,0.987652153,1
5/14/2019,103,0.998621597,0.991862224,0.991862224,0.991862224,0.98452575,0.98452575,0.984735837,0.987652153,1
5/15/2019,104,0.998621597,0.991862224,0.991862224,0.991862224,0.98452575,0.98452575,0.984735837,0.987652153,1
5/16/2019,105,0.998621597,0.991862224,0.991862224,0.991862224,0.98452575,0.98452575,0.984735837,0.987652153,1
5/17/2019,106,0.998621597,0.991862224,0.991862224,0.991862224,0.98452575,0.98452575,0.984735837,0.987652153,1
5/18/2019,107,0.998621597,0.991862224,0.991862224,0.991862224,0.98452575,0.98452575,0.984735837,0.987652153,1
5/19/2019,108,0.998621597,0.991862224,0.991862224,0.991862224,0.98452575,0.98452575,0.984735837,0.987652153,1
5/20/2019,109,0.998621597,0.991862224,0.991862224,0.991862224,0.98452575,0.98452575,0.984735837,0.987652153,1
5/21/2019,110,0.998621597,0.991862224,0.991862224,0.991862224,0.98452575,0.98452575,0.984735837,0.987652153,1
5/22/2019,111,0.998621597,0.991862224,0.991862224,0.991862224,0.98452575,0.98452575,0.984735837,0.987652153,1
5/23/2019,112,0.998621597,0.991862224,0.991862224,0.991862224,0.98452575,0.98452575,0.984735837,0.987652153,1
5/24/2019,113,0.998621597,0.991862224,0.991862224,0.991862224,0.98452575,0.98452575,0.984735837,0.987652153,1
5/25/2019,114,0.998621597,0.991862224,0.991862224,0.991862224,0.98452575,0.98452575,0.984735837,0.987652153,1
5/26/2019,115,0.998621597,0.991862224,0.991862224,0.991862224,0.98452575,0.98452575,0.984735837,0.987652153,1
5/27/2019,116,0.998621597,0.991862224,0.991862224,0.991862224,0.98452575,0.98452575,0.984735837,0.987652153,1
5/28/2019,117,0.998621597,0.991862224,0.991862224,0.991862224,0.98452575,0.98452575,0.984735837,0.987652153,1
5/29/2019,118,0.998621597,0.991862224,0.991862224,0.991862224,0.98452575,0.98452575,0.984735837,0.987652153,1
5/30/2019,119,0.998621597,0.991862224,0.991862224,0.991862224,0.98452575,0.98452575,0.984735837,0.987652153,1
5/31/2019,120,0.998621597,0.991862224,0.991862224,0.991862224,0.98452575,0.98452575,0.984735837,0.987652153,1
6/1/2019,121,0.97911616,0.981358301,0.981358301,0.981358301,0.994568528,0.994568528,1.006448015,0.997242852,1
6/2/2019,122,0.97911616,0.981358301,0.981358301,0.981358301,0.994568528,0.994568528,1.006448015,0.997242852,1
6/3/2019,123,0.97911616,0.981358301,0.981358301,0.981358301,0.994568528,0.994568528,1.006448015,0.997242852,1
6/4/2019,124,0.97911616,0.981358301,0.981358301,0.981358301,0.994568528,0.994568528,1.006448015,0.997242852,1
6/5/2019,125,0.97911616,0.981358301,0.981358301,0.981358301,0.994568528,0.994568528,1.006448015,0.997242852,1
6/6/2019,126,0.97911616,0.981358301,0.981358301,0.981358301,0.994568528,0.994568528,1.006448015,0.997242852,1
6/7/2019,127,0.97911616,0.981358301,0.981358301,0.981358301,0.994568528,0.994568528,1.006448015,0.997242852,1
6/8/2019,128,0.97911616,0.981358301,0.981358301,0.981358301,0.994568528,0.994568528,1.006448015,0.997242852,1
6/9/2019,129,0.97911616,0.981358301,0.981358301,0.981358301,0.994568528,0.994568528,1.006448015,0.997242852,1
6/10/2019,130,0.97911616,0.981358301,0.981358301,0.981358301,0.994568528,0.994568528,1.006448015,0.997242852,1
6/11/2019,131,0.97911616,0.981358301,0.981358301,0.981358301,0.994568528,0.994568528,1.006448015,0.997242852,1
6/12/2019,132,0.97911616,0.981358301,0.981358301,0.981358301,0.994568528,0.994568528,1.006448015,0.997242852,1
6/13/2019,133,0.97911616,0.981358301,0.981358301,0.981358301,0.994568528,0.994568528,1.006448015,0.997242852,1
6/14/2019,134,0.97911616,0.981358301,0.981358301,0.981358301,0.994568528,0.994568528,1.006448015,0.997242852,1
6/15/2019,135,0.97911616,0.981358301,0.981358301,0.981358301,0.994568528,0.994568528,1.006448015,0.997242852,1
6/16/2019,136,0.97911616,0.981358301,0.981358301,0.981358301,0.994568528,0.994568528,1.006448015,0.997242852,1
6/17/2019,137,0.97911616,0.981358301,0.981358301,0.981358301,0.994568528,0.994568528,1.006448015,0.997242852,1
6/18/2019,138,0.97911616,0.981358301,0.981358301,0.981358301,0.994568528,0.994568528,1.006448015,0.997242852,1
6/19/2019,139,0.97911616,0.981358301,0.981358301,0.981358301,0.994568528,0.994568528,1.006448015,0.997242852,1
6/20/2019,140,0.97911616,0.981358301,0.981358301,0.981358301,0.994568528,0.994568528,1.006448015,0.997242852,1
6/21/2019,141,0.97911616,0.981358301,0.981358301,0.981358301,0.994568528,0.994568528,1.006448015,0.997242852,1
6/22/2019,142,0.97911616,0.981358301,0.981358301,0.981358301,0.994568528,0.994568528,1.006448015,0.997242852,1
6/23/2019,143,0.97911616,0.981358301,0.981358301,0.981358301,0.994568528,0.994568528,1.006448015,0.997242852,1
6/24/2019,144,0.97911616,0.981358301,0.981358301,0.981358301,0.994568528,0.994568528,1.006448015,0.997242852,1
6/25/2019,145,0.97911616,0.981358301,0.981358301,0.981358301,0.994568528,0.994568528,1.006448015,0.997242852,1
6/26/2019,146,0.97911616,0.981358301,0.981358301,0.981358301,0.994568528,0.994568528,1.006448015,0.997242852,1
6/27/2019,147,0.97911616,0.981358301,0.981358301,0.981358301,0.994568528,0.994568528,1.006448015,0.997242852,1
6/28/2019,148,0.97911616,0.981358301,0.981358301,0.981358301,0.994568528,0.994568528,1.006448015,0.997242852,1
6/29/2019,149,0.97911616,0.981358301,0.981358301,0.981358301,0.994568528,0.994568528,1.006448015,0.997242852,1
6/30/2019,150,0.97911616,0.981358301,0.981358301,0.981358301,0.994568528,0.994568528,1.006448015,0.997242852,1
7/1/2019,151,0.97911616,0.981358301,0.981358301,0.981358301,0.994568528,0.994568528,1.006448015,0.997242852,1
7/2/2019,152,0.97911616,0.981358301,0.981358301,0.981358301,0.994568528,0.994568528,1.006448015,0.997242852,1
7/3/2019,153,0.97911616,0.981358301,0.981358301,0.981358301,0.994568528,0.994568528,1.006448015,0.997242852,1
7/4/2019,154,0.97911616,0.981358301,0.981358301,0.981358301,0.994568528,0.994568528,1.006448015,0.997242852,1
7/5/2019,155,0.97911616,0.981358301,0.981358301,0.981358301,0.994568528,0.994568528,1.006448015,0.997242852,1
7/6/2019,156,0.97911616,0.981358301,0.981358301,0.981358301,0.994568528,0.994568528,1.006448015,0.997242852,1
7/7/2019,157,0.97911616,0.981358301,0.981358301,0.981358301,0.994568528,0.994568528,1.006448015,0.997242852,1
7/8/2019,158,0.97911616,0.981358301,0.981358301,0.981358301,0.994568528,0.994568528,1.006448015,0.997242852,1
7/9/2019,159,0.97911616,0.981358301,0.981358301,0.981358301,0.994568528,0.994568528,1.006448015,0.997242852,1
7/10/2019,160,0.97911616,0.981358301,0.981358301,0.981358301,0.994568528,0.994568528,1.006448015,0.997242852,1
7/11/2019,161,0.97911616,0.981358301,0.981358301,0.981358301,0.994568528,0.994568528,1.006448015,0.997242852,1
7/12/2019,162,0.97911616,0.981358301,0.981358301,0.981358301,0.994568528,0.994568528,1.006448015,0.997242852,1
7/13/2019,163,0.97911616,0.981358301,0.981358301,0.981358301,0.994568528,0.994568528,1.006448015,0.997242852,1
7/14/2019,164,0.97911616,0.981358301,0.981358301,0.981358301,0.994568528,0.994568528,1.006448015,0.997242852,1
7/15/2019,165,0.97911616,0.981358301,0.981358301,0.981358301,0.994568528,0.994568528,1.006448015,0.997242852,1
7/16/2019,166,0.97911616,0.981358301,0.981358301,0.981358301,0.994568528,0.994568528,1.006448015,0.997242852,1
7/17/2019,167,0.97911616,0.981358301,0.981358301,0.981358301,0.994568528,0.994568528,1.006448015,0.997242852,1
7/18/2019,168,0.97911616,0.981358301,0.981358301,0.981358301,0.994568528,0.994568528,1.006448015,0.997242852,1
7/19/2019,169,0.97911616,0.981358301,0.981358301,0.981358301,0.994568528,0.994568528,1.006448015,0.997242852,1
7/20/2019,170,0.97911616,0.981358301,0.981358301,0.981358301,0.994568528,0.994568528,1.006448015,0.997242852,1
7/21/2019,171,0.97911616,0.981358301,0.981358301,0.981358301,0.994568528,0.994568528,1.006448015,0.997242852,1
7/22/2019,172,0.97911616,0.981358301,0.981358301,0.981358301,0.994568528,0.994568528,1.006448015,0.997242852,1
7/23/2019,173,0.97911616,0.981358301,0.981358301,0.981358301,0.994568528,0.994568528,1.006448015,0.997242852,1
7/24/2019,174,0.97911616,0.981358301,0.981358301,0.981358301,0.994568528,0.994568528,1.006448015,0.997242852,1
7/25/2019,175,0.97911616,0.981358301,0.981358301,0.981358301,0.994568528,0.994568528,1.006448015,0.997242852,1
7/26/2019,176,0.97911616,0.981358301,0.981358301,0.981358301,0.994568528,0.994568528,1.006448015,0.997242852,1
7/27/2019,177,0.97911616,0.981358301,0.981358301,0.981358301,0.994568528,0.994568528,1.006448015,0.997242852,1
7/28/2019,178,0.97911616,0.981358301,0.981358301,0.981358301,0.994568528,0.994568528,1.006448015,0.997242852,1
7/29/2019,179,0.97911616,0.981358301,0.981358301,0.981358301,0.994568528,0.994568528,1.006448015,0.997242852,1
7/30/2019,180,0.97911616,0.981358301,0.981358301,0.981358301,0.994568528,0.994568528,1.006448015,0.997242852,1
7/31/2019,181,0.97911616,0.981358301,0.981358301,0.981358301,0.994568528,0.994568528,1.006448015,0.997242852,1
8/1/2019,182,0.955392395,1.008876368,1.008876368,1.008876368,0.988170554,0.988170554,1.007194492,0.98734844,1
8/2/2019,183,0.955392395,1.008876368,1.008876368,1.008876368,0.988170554,0.988170554,1.007194492,0.98734844,1
8/3/2019,184,0.955392395,1.008876368,1.008876368,1.008876368,0.988170554,0.988170554,1.007194492,0.98734844,1
8/4/2019,185,0.955392395,1.008876368,1.008876368,1.008876368,0.988170554,0.988170554,1.007194492,0.98734844,1
8/5/2019,186,0.955392395,1.008876368,1.008876368,1.008876368,0.988170554,0.988170554,1.007194492,0.98734844,1
8/6/2019,187,0.955392395,1.008876368,1.008876368,1.008876368,0.988170554,0.988170554,1.007194492,0.98734844,1
8/7/2019,188,0.955392395,1.008876368,1.008876368,1.008876368,0.988170554,0.988170554,1.007194492,0.98734844,1
8/8/2019,189,0.955392395,1.008876368,1.008876368,1.008876368,0.988170554,0.988170554,1.007194492,0.98734844,1
8/9/2019,190,0.955392395,1.008876368,1.008876368,1.008876368,0.988170554,0.988170554,1.007194492,0.98734844,1
8/10/2019,191,0.955392395,1.008876368,1.008876368,1.008876368,0.988170554,0.988170554,1.007194492,0.98734844,1
8/11/2019,192,0.955392395,1.008876368,1.008876368,1.008876368,0.988170554,0.988170554,1.007194492,0.98734844,1
8/12/2019,193,0.955392395,1.008876368,1.008876368,1.008876368,0.988170554,0.988170554,1.007194492,0.98734844,1
8/13/2019,194,0.955392395,1.008876368,1.008876368,1.008876368,0.988170554,0.988170554,1.007194492,0.98734844,1
8/14/2019,195,0.955392395,1.008876368,1.008876368,1.008876368,0.988170554,0.988170554,1.007194492,0.98734844,1
8/15/2019,196,0.955392395,1.008876368,1.008876368,1.008876368,0.988170554,0.988170554,1.007194492,0.98734844,1
8/16/2019,197,0.955392395,1.008876368,1.008876368,1.008876368,0.988170554,0.988170554,1.007194492,0.98734844,1
8/17/2019,198,0.955392395,1.008876368,1.008876368,1.008876368,0.988170554,0.988170554,1.007194492,0.98734844,1
8/18/2019,199,0.955392395,1.008876368,1.008876368,1.008876368,0.988170554,0.988170554,1.007194492,0.98734844,1
8/19/2019,200,0.955392395,1.008876368,1.008876368,1.008876368,0.988170554,0.988170554,1.007194492,0.98734844,1
8/20/2019,201,0.955392395,1.008876368,1.008876368,1.008876368,0.988170554,0.988170554,1.007194492,0.98734844,1
8/21/2019,202,0.955392395,1.008876368,1.008876368,1.008876368,0.988170554,0.988170554,1.007194492,0.98734844,1
8/22/2019,203,0.955392395,1.008876368,1.008876368,1.008876368,0.988170554,0.988170554,1.007194492,0.98734844,1
8/23/2019,204,0.955392395,1.008876368,1.008876368,1.008876368,0.988170554,0.988170554,1.007194492,0.98734844,1
8/24/2019,205,0.955392395,1.008876368,1.008876368,1.008876368,0.988170554,0.988170554,1.007194492,0.98734844,1
8/25/2019,206,0.955392395,1.008876368,1.008876368,1.008876368,0.988170554,0.988170554,1.007194492,0.98734844,1
8/26/2019,207,0.955392395,1.008876368,1.008876368,1.008876368,0.988170554,0.988170554,1.007194492,0.98734844,1
8/27/2019,208,0.955392395,1.008876368,1.008876368,1.008876368,0.988170554,0.988170554,1.007194492,0.98734844,1
8/28/2019,209,0.955392395,1.008876368,1.008876368,1.008876368,0.988170554,0.988170554,1.007194492,0.98734844,1
8/29/2019,210,0.955392395,1.008876368,1.008876368,1.008876368,0.988170554,0.988170554,1.007194492,0.98734844,1
8/30/2019,211,0.955392395,1.008876368,1.008876368,1.008876368,0.988170554,0.988170554,1.007194492,0.98734844,1
8/31/2019,212,0.955392395,1.008876368,1.008876368,1.008876368,0.988170554,0.988170554,1.007194492,0.98734844,1
9/1/2019,213,0.955392395,1.008876368,1.008876368,1.008876368,0.988170554,0.988170554,1.007194492,0.98734844,1
9/2/2019,214,0.955392395,1.008876368,1.008876368,1.008876368,0.988170554,0.988170554,1.007194492,0.98734844,1
9/3/2019,215,0.955392395,1.008876368,1.008876368,1.008876368,0.988170554,0.988170554,1.007194492,0.98734844,1
9/4/2019,216,0.955392395,1.008876368,1.008876368,1.008876368,0.988170554,0.988170554,1.007194492,0.98734844,1
9/5/2019,217,0.955392395,1.008876368,1.008876368,1.008876368,0.988170554,0.988170554,1.007194492,0.98734844,1
9/6/2019,218,0.955392395,1.008876368,1.008876368,1.008876368,0.988170554,0.988170554,1.007194492,0.98734844,1
9/7/2019,219,0.955392395,1.008876368,1.008876368,1.008876368,0.988170554,0.988170554,1.007194492,0.98734844,1
9/8/2019,220,0.955392395,1.008876368,1.008876368,1.008876368,0.988170554,0.988170554,1.007194492,0.98734844,1
9/9/2019,221,0.955392395,1.008876368,1.008876368,1.008876368,0.988170554,0.988170554,1.007194492,0.98734844,1
9/10/2019,222,0.955392395,1.008876368,1.008876368,1.008876368,0.988170554,0.988170554,1.007194492,0.98734844,1
9/11/2019,223,0.955392395,1.008876368,1.008876368,1.008876368,0.988170554,0.988170554,1.007194492,0.98734844,1
9/12/2019,224,0.955392395,1.008876368,1.008876368,1.008876368,0.988170554,0.988170554,1.007194492,0.98734844,1
9/13/2019,225,0.955392395,1.008876368,1.008876368,1.008876368,0.988170554,0.988170554,1.007194492,0.98734844,1
9/14/2019,226,0.955392395,1.008876368,1.008876368,1.008876368,0.988170554,0.988170554,1.007194492,0.98734844,1
9/15/2019,227,0.955392395,1.008876368,1.008876368,1.008876368,0.988170554,0.988170554,1.007194492,0.98734844,1
9/16/2019,228,0.955392395,1.008876368,1.008876368,1.008876368,0.988170554,0.988170554,1.007194492,0.98734844,1
9/17/2019,229,0.955392395,1.008876368,1.008876368,1.008876368,0.988170554,0.988170554,1.007194492,0.98734844,1
9/18/2019,230,0.955392395,1.008876368,1.008876368,1.008876368,0.988170554,0.988170554,1.007194492,0.98734844,1
9/19/2019,231,0.955392395,1.008876368,1.008876368,1.008876368,0.988170554,0.988170554,1.007194492,0.98734844,1
9/20/2019,232,0.955392395,1.008876368,1.008876368,1.008876368,0.988170554,0.988170554,1.007194492,0.98734844,1
9/21/2019,233,0.955392395,1.008876368,1.008876368,1.008876368,0.988170554,0.988170554,1.007194492,0.98734844,1
9/22/2019,234,0.955392395,1.008876368,1.008876368,1.008876368,0.988170554,0.988170554,1.007194492,0.98734844,1
9/23/2019,235,0.955392395,1.008876368,1.008876368,1.008876368,0.988170554,0.988170554,1.007194492,0.98734844,1
9/24/2019,236,0.955392395,1.008876368,1.008876368,1.008876368,0.988170554,0.988170554,1.007194492,0.98734844,1
9/25/2019,237,0.955392395,1.008876368,1.008876368,1.008876368,0.988170554,0.988170554,1.007194492,0.98734844,1
9/26/2019,238,0.955392395,1.008876368,1.008876368,1.008876368,0.988170554,0.988170554,1.007194492,0.98734844,1
9/27/2019,239,0.955392395,1.008876368,1.008876368,1.008876368,0.988170554,0.988170554,1.007194492,0.98734844,1
9/28/2019,240,0.955392395,1.008876368,1.008876368,1.008876368,0.988170554,0.988170554,1.007194492,0.98734844,1
9/29/2019,241,0.955392395,1.008876368,1.008876368,1.008876368,0.988170554,0.988170554,1.007194492,0.98734844,1
9/30/2019,242,0.955392395,1.008876368,1.008876368,1.008876368,0.988170554,0.988170554,1.007194492,0.98734844,1
10/1/2019,243,0.975105631,1.016678018,1.016678018,1.016678018,0.970994715,0.970994715,1.023432506,0.988980899,1
10/2/2019,244,0.975105631,1.016678018,1.016678018,1.016678018,0.970994715,0.970994715,1.023432506,0.988980899,1
10/3/2019,245,0.975105631,1.016678018,1.016678018,1.016678018,0.970994715,0.970994715,1.023432506,0.988980899,1
10/4/2019,246,0.975105631,1.016678018,1.016678018,1.016678018,0.970994715,0.970994715,1.023432506,0.988980899,1
10/5/2019,247,0.975105631,1.016678018,1.016678018,1.016678018,0.970994715,0.970994715,1.023432506,0.988980899,1
10/6/2019,248,0.975105631,1.016678018,1.016678018,1.016678018,0.970994715,0.970994715,1.023432506,0.988980899,1
10/7/2019,249,0.975105631,1.016678018,1.016678018,1.016678018,0.970994715,0.970994715,1.023432506,0.988980899,1
10/8/2019,250,0.975105631,1.016678018,1.016678018,1.016678018,0.970994715,0.970994715,1.023432506,0.988980899,1
10/9/2019,251,0.975105631,1.016678018,1.016678018,1.016678018,0.970994715,0.970994715,1.023432506,0.988980899,1
10/10/2019,252,0.975105631,1.016678018,1.016678018,1.016678018,0.970994715,0.970994715,1.023432506,0.988980899,1
10/11/2019,253,0.975105631,1.016678018,1.016678018,1.016678018,0.970994715,0.970994715,1.023432506,0.988980899,1
10/12/2019,254,0.975105631,1.016678018,1.016678018,1.016678018,0.970994715,0.970994715,1.023432506,0.988980899,1
10/13/2019,255,0.975105631,1.016678018,1.016678018,1.016678018,0.970994715,0.970994715,1.023432506,0.988980899,1
10/14/2019,256,0.975105631,1.016678018,1.016678018,1.016678018,0.970994715,0.970994715,1.023432506,0.988980899,1
10/15/2019,257,0.975105631,1.016678018,1.016678018,1.016678018,0.970994715,0.970994715,1.023432506,0.988980899,1
10/16/2019,258,0.975105631,1.016678018,1.016678018,1.016678018,0.970994715,0.970994715,1.023432506,0.988980899,1
10/17/2019,259,0.975105631,1.016678018,1.016678018,1.016678018,0.970994715,0.970994715,1.023432506,0.988980899,1
10/18/2019,260,0.975105631,1.016678018,1.016678018,1.016678018,0.970994715,0.970994715,1.023432506,0.988980899,1
10/19/2019,261,0.975105631,1.016678018,1.016678018,1.016678018,0.970994715,0.970994715,1.023432506,0.988980899,1
10/20/2019,262,0.975105631,1.016678018,1.016678018,1.016678018,0.970994715,0.970994715,1.023432506,0.988980899,1
10/21/2019,263,0.975105631,1.016678018,1.016678018,1.016678018,0.970994715,0.970994715,1.023432506,0.988980899,1
10/22/2019,264,0.975105631,1.016678018,1.016678018,1.016678018,0.970994715,0.970994715,1.023432506,0.988980899,1
10/23/2019,265,0.975105631,1.016678018,1.016678018,1.016678018,0.970994715,0.970994715,1.023432506,0.988980899,1
10/24/2019,266,0.975105631,1.016678018,1.016678018,1.016678018,0.970994715,0.970994715,1.023432506,0.988980899,1
10/25/2019,267,0.975105631,1.016678018,1.016678018,1.016678018,0.970994715,0.970994715,1.023432506,0.988980899,1
10/26/2019,268,0.975105631,1.016678018,1.016678018,1.016678018,0.970994715,0.970994715,1.023432506,0.988980899,1
10/27/2019,269,0.975105631,1.016678018,1.016678018,1.016678018,0.970994715,0.970994715,1.023432506,0.988980899,1
10/28/2019,270,0.975105631,1.016678018,1.016678018,1.016678018,0.970994715,0.970994715,1.023432506,0.988980899,1
10/29/2019,271,0.975105631,1.016678018,1.016678018,1.016678018,0.970994715,0.970994715,1.023432506,0.988980899,1
10/30/2019,272,0.975105631,1.016678018,1.016678018,1.016678018,0.970994715,0.970994715,1.023432506,0.988980899,1
10/31/2019,273,0.975105631,1.016678018,1.016678018,1.016678018,0.970994715,0.970994715,1.023432506,0.988980899,1
11/1/2019,274,0.975105631,1.016678018,1.016678018,1.016678018,0.970994715,0.970994715,1.023432506,0.988980899,1
11/2/2019,275,0.975105631,1.016678018,1.016678018,1.016678018,0.970994715,0.970994715,1.023432506,0.988980899,1
11/3/2019,276,0.975105631,1.016678018,1.016678018,1.016678018,0.970994715,0.970994715,1.023432506,0.988980899,1
11/4/2019,277,0.975105631,1.016678018,1.016678018,1.016678018,0.970994715,0.970994715,1.023432506,0.988980899,1
11/5/2019,278,0.975105631,1.016678018,1.016678018,1.016678018,0.970994715,0.970994715,1.023432506,0.988980899,1
11/6/2019,279,0.975105631,1.016678018,1.016678018,1.016678018,0.970994715,0.970994715,1.023432506,0.988980899,1
11/7/2019,280,0.975105631,1.016678018,1.016678018,1.016678018,0.970994715,0.970994715,1.023432506,0.988980899,1
11/8/2019,281,0.975105631,1.016678018,1.016678018,1.016678018,0.970994715,0.970994715,1.023432506,0.988980899,1
11/9/2019,282,0.975105631,1.016678018,1.016678018,1.016678018,0.970994715,0.970994715,1.023432506,0.988980899,1
11/10/2019,283,0.975105631,1.016678018,1.016678018,1.016678018,0.970994715,0.970994715,1.023432506,0.988980899,1
11/11/2019,284,0.975105631,1.016678018,1.016678018,1.016678018,0.970994715,0.970994715,1.023432506,0.988980899,1
11/12/2019,285,0.975105631,1.016678018,1.016678018,1.016678018,0.970994715,0.970994715,1.023432506,0.988980899,1
11/13/2019,286,0.975105631,1.016678018,1.016678018,1.016678018,0.970994715,0.970994715,1.023432506,0.988980899,1
11/14/2019,287,0.975105631,1.016678018,1.016678018,1.016678018,0.970994715,0.970994715,1.023432506,0.988980899,1
11/15/2019,288,0.975105631,1.016678018,1.016678018,1.016678018,0.970994715,0.970994715,1.023432506,0.988980899,1
11/16/2019,289,0.975105631,1.016678018,1.016678018,1.016678018,0.970994715,0.970994715,1.023432506,0.988980899,1
11/17/2019,290,0.975105631,1.016678018,1.016678018,1.016678018,0.970994715,0.970994715,1.023432506,0.988980899,1
11/18/2019,291,0.975105631,1.016678018,1.016678018,1.016678018,0.970994715,0.970994715,1.023432506,0.988980899,1
11/19/2019,292,0.975105631,1.016678018,1.016678018,1.016678018,0.970994715,0.970994715,1.023432506,0.988980899,1
11/20/2019,293,0.975105631,1.016678018,1.016678018,1.016678018,0.970994715,0.970994715,1.023432506,0.988980899,1
11/21/2019,294,0.975105631,1.016678018,1.016678018,1.016678018,0.970994715,0.970994715,1.023432506,0.988980899,1
11/22/2019,295,0.975105631,1.016678018,1.016678018,1.016678018,0.970994715,0.970994715,1.023432506,0.988980899,1
11/23/2019,296,0.975105631,1.016678018,1.016678018,1.016678018,0.970994715,0.970994715,1.023432506,0.988980899,1
11/24/2019,297,0.975105631,1.016678018,1.016678018,1.016678018,0.970994715,0.970994715,1.023432506,0.988980899,1
11/25/2019,298,0.975105631,1.016678018,1.016678018,1.016678018,0.970994715,0.970994715,1.023432506,0.988980899,1
11/26/2019,299,0.975105631,1.016678018,1.016678018,1.016678018,0.970994715,0.970994715,1.023432506,0.988980899,1
11/27/2019,300,0.975105631,1.016678018,1.016678018,1.016678018,0.970994715,0.970994715,1.023432506,0.988980899,1
11/28/2019,301,0.975105631,1.016678018,1.016678018,1.016678018,0.970994715,0.970994715,1.023432506,0.988980899,1
11/29/2019,302,0.975105631,1.016678018,1.016678018,1.016678018,0.970994715,0.970994715,1.023432506,0.988980899,1
11/30/2019,303,0.975105631,1.016678018,1.016678018,1.016678018,0.970994715,0.970994715,1.023432506,0.988980899,1
12/1/2019,304,0.975732493,1.017766004,1.017766004,1.017766004,0.962667139,0.962667139,1.03119758,0.99472298,1
12/2/2019,305,0.975732493,1.017766004,1.017766004,1.017766004,0.962667139,0.962667139,1.03119758,0.99472298,1
12/3/2019,306,0.975732493,1.017766004,1.017766004,1.017766004,0.962667139,0.962667139,1.03119758,0.99472298,1
12/4/2019,307,0.975732493,1.017766004,1.017766004,1.017766004,0.962667139,0.962667139,1.03119758,0.99472298,1
12/5/2019,308,0.975732493,1.017766004,1.017766004,1.017766004,0.962667139,0.962667139,1.03119758,0.99472298,1
12/6/2019,309,0.975732493,1.017766004,1.017766004,1.017766004,0.962667139,0.962667139,1.03119758,0.99472298,1
12/7/2019,310,0.975732493,1.017766004,1.017766004,1.017766004,0.962667139,0.962667139,1.03119758,0.99472298,1
12/8/2019,311,0.975732493,1.017766004,1.017766004,1.017766004,0.962667139,0.962667139,1.03119758,0.99472298,1
12/9/2019,312,0.975732493,1.017766004,1.017766004,1.017766004,0.962667139,0.962667139,1.03119758,0.99472298,1
12/10/2019,313,0.975732493,1.017766004,1.017766004,1.017766004,0.962667139,0.962667139,1.03119758,0.99472298,1
12/11/2019,314,0.975732493,1.017766004,1.017766004,1.017766004,0.962667139,0.962667139,1.03119758,0.99472298,1
12/12/2019,315,0.975732493,1.017766004,1.017766004,1.017766004,0.962667139,0.962667139,1.03119758,0.99472298,1
12/13/2019,316,0.975732493,1.017766004,1.017766004,1.017766004,0.962667139,0.962667139,1.03119758,0.99472298,1
12/14/2019,317,0.975732493,1.017766004,1.017766004,1.017766004,0.962667139,0.962667139,1.03119758,0.99472298,1
12/15/2019,318,0.975732493,1.017766004,1.017766004,1.017766004,0.962667139,0.962667139,1.03119758,0.99472298,1
12/16/2019,319,0.975732493,1.017766004,1.017766004,1.017766004,0.962667139,0.962667139,1.03119758,0.99472298,1
12/17/2019,320,0.975732493,1.017766004,1.017766004,1.017766004,0.962667139,0.962667139,1.03119758,0.99472298,1
12/18/2019,321,0.975732493,1.017766004,1.017766004,1.017766004,0.962667139,0.962667139,1.03119758,0.99472298,1
12/19/2019,322,0.975732493,1.017766004,1.017766004,1.017766004,0.962667139,0.962667139,1.03119758,0.99472298,1
12/20/2019,323,0.975732493,1.017766004,1.017766004,1.017766004,0.962667139,0.962667139,1.03119758,0.99472298,1
12/21/2019,324,0.975732493,1.017766004,1.017766004,1.017766004,0.962667139,0.962667139,1.03119758,0.99472298,1
12/22/2019,325,0.975732493,1.017766004,1.017766004,1.017766004,0.962667139,0.962667139,1.03119758,0.99472298,1
12/23/2019,326,0.975732493,1.017766004,1.017766004,1.017766004,0.962667139,0.962667139,1.03119758,0.99472298,1
12/24/2019,327,0.975732493,1.017766004,1.017766004,1.017766004,0.962667139,0.962667139,1.03119758,0.99472298,1
12/25/2019,328,0.975732493,1.017766004,1.017766004,1.017766004,0.962667139,0.962667139,1.03119758,0.99472298,1
12/26/2019,329,0.975732493,1.017766004,1.017766004,1.017766004,0.962667139,0.962667139,1.03119758,0.99472298,1
12/27/2019,330,0.975732493,1.017766004,1.017766004,1.017766004,0.962667139,0.962667139,1.03119758,0.99472298,1
12/28/2019,331,0.975732493,1.017766004,1.017766004,1.017766004,0.962667139,0.962667139,1.03119758,0.99472298,1
12/29/2019,332,0.975732493,1.017766004,1.017766004,1.017766004,0.962667139,0.962667139,1.03119758,0.99472298,1
12/30/2019,333,0.975732493,1.017766004,1.017766004,1.017766004,0.962667139,0.962667139,1.03119758,0.99472298,1
12/31/2019,334,0.975732493,1.017766004,1.017766004,1.017766004,0.962667139,0.962667139,1.03119758,0.99472298,1
1/1/2020,335,0.975732493,1.017766004,1.017766004,1.017766004,0.962667139,0.962667139,1.03119758,0.99472298,1.096774194
1/2/2020,336,0.975732493,1.017766004,1.017766004,1.017766004,0.962667139,0.962667139,1.03119758,0.99472298,1.096774194
1/3/2020,337,0.975732493,1.017766004,1.017766004,1.017766004,0.962667139,0.962667139,1.03119758,0.99472298,1.096774194
1/4/2020,338,0.975732493,1.017766004,1.017766004,1.017766004,0.962667139,0.962667139,1.03119758,0.99472298,1.096774194
1/5/2020,339,0.975732493,1.017766004,1.017766004,1.017766004,0.962667139,0.962667139,1.03119758,0.99472298,1.096774194
1/6/2020,340,0.975732493,1.017766004,1.017766004,1.017766004,0.962667139,0.962667139,1.03119758,0.99472298,1.096774194
1/7/2020,341,0.975732493,1.017766004,1.017766004,1.017766004,0.962667139,0.962667139,1.03119758,0.99472298,1.096774194
1/8/2020,342,0.975732493,1.017766004,1.017766004,1.017766004,0.962667139,0.962667139,1.03119758,0.99472298,1.096774194
1/9/2020,343,0.975732493,1.017766004,1.017766004,1.017766004,0.962667139,0.962667139,1.03119758,0.99472298,1.096774194
1/10/2020,344,0.975732493,1.017766004,1.017766004,1.017766004,0.962667139,0.962667139,1.03119758,0.99472298,1.096774194
1/11/2020,345,0.975732493,1.017766004,1.017766004,1.017766004,0.962667139,0.962667139,1.03119758,0.99472298,1.096774194
1/12/2020,346,0.975732493,1.017766004,1.017766004,1.017766004,0.962667139,0.962667139,1.03119758,0.99472298,1.096774194
1/13/2020,347,0.975732493,1.017766004,1.017766004,1.017766004,0.962667139,0.962667139,1.03119758,0.99472298,1.096774194
1/14/2020,348,0.975732493,1.017766004,1.017766004,1.017766004,0.962667139,0.962667139,1.03119758,0.99472298,1.096774194
1/15/2020,349,0.975732493,1.017766004,1.017766004,1.017766004,0.962667139,0.962667139,1.03119758,0.99472298,1.096774194
1/16/2020,350,0.975732493,1.017766004,1.017766004,1.017766004,0.962667139,0.962667139,1.03119758,0.99472298,1.096774194
1/17/2020,351,0.975732493,1.017766004,1.017766004,1.017766004,0.962667139,0.962667139,1.03119758,0.99472298,1.096774194
1/18/2020,352,0.975732493,1.017766004,1.017766004,1.017766004,0.962667139,0.962667139,1.03119758,0.99472298,1.096774194
1/19/2020,353,0.975732493,1.017766004,1.017766004,1.017766004,0.962667139,0.962667139,1.03119758,0.99472298,1.096774194
1/20/2020,354,0.975732493,1.017766004,1.017766004,1.017766004,0.962667139,0.962667139,1.03119758,0.99472298,1.096774194
1/21/2020,355,0.975732493,1.017766004,1.017766004,1.017766004,0.962667139,0.962667139,1.03119758,0.99472298,1.096774194
1/22/2020,356,0.975732493,1.017766004,1.017766004,1.017766004,0.962667139,0.962667139,1.03119758,0.99472298,1.096774194
1/23/2020,357,0.975732493,1.017766004,1.017766004,1.017766004,0.962667139,0.962667139,1.03119758,0.99472298,1.096774194
1/24/2020,358,0.975732493,1.017766004,1.017766004,1.017766004,0.962667139,0.962667139,1.03119758,0.99472298,1.096774194
1/25/2020,359,0.975732493,1.017766004,1.017766004,1.017766004,0.962667139,0.962667139,1.03119758,0.99472298,1.096774194
1/26/2020,360,0.975732493,1.017766004,1.017766004,1.017766004,0.962667139,0.962667139,1.03119758,0.99472298,1.096774194
1/27/2020,361,0.975732493,1.017766004,1.017766004,1.017766004,0.962667139,0.962667139,1.03119758,0.99472298,1.096774194
1/28/2020,362,0.975732493,1.017766004,1.017766004,1.017766004,0.962667139,0.962667139,1.03119758,0.99472298,1.096774194
1/29/2020,363,0.975732493,1.017766004,1.017766004,1.017766004,0.962667139,0.962667139,1.03119758,0.99472298,1.096774194
1/30/2020,364,0.975732493,1.017766004,1.017766004,1.017766004,0.962667139,0.962667139,1.03119758,0.99472298,1.096774194
1/31/2020,365,0.975732493,1.017766004,1.017766004,1.017766004,0.962667139,0.962667139,1.03119758,0.99472298,1.096774194
2/1/2020,366,0.962197825,1.026288555,1.026288555,1.026288555,0.981251893,0.981251893,1.006619619,1.001846008,1.096774194
2/2/2020,367,0.962197825,1.026288555,1.026288555,1.026288555,0.981251893,0.981251893,1.006619619,1.001846008,1.096774194
2/3/2020,368,0.962197825,1.026288555,1.026288555,1.026288555,0.981251893,0.981251893,1.006619619,1.001846008,1.096774194
2/4/2020,369,0.962197825,1.026288555,1.026288555,1.026288555,0.981251893,0.981251893,1.006619619,1.001846008,1.096774194
2/5/2020,370,0.962197825,1.026288555,1.026288555,1.026288555,0.981251893,0.981251893,1.006619619,1.001846008,1.096774194
2/6/2020,371,0.962197825,1.026288555,1.026288555,1.026288555,0.981251893,0.981251893,1.006619619,1.001846008,1.096774194
2/7/2020,372,0.962197825,1.026288555,1.026288555,1.026288555,0.981251893,0.981251893,1.006619619,1.001846008,1.096774194
2/8/2020,373,0.962197825,1.026288555,1.026288555,1.026288555,0.981251893,0.981251893,1.006619619,1.001846008,1.096774194
2/9/2020,374,0.962197825,1.026288555,1.026288555,1.026288555,0.981251893,0.981251893,1.006619619,1.001846008,1.096774194
2/10/2020,375,0.962197825,1.026288555,1.026288555,1.026288555,0.981251893,0.981251893,1.006619619,1.001846008,1.096774194
2/11/2020,376,0.962197825,1.026288555,1.026288555,1.026288555,0.981251893,0.981251893,1.006619619,1.001846008,1.096774194
2/12/2020,377,0.962197825,1.026288555,1.026288555,1.026288555,0.981251893,0.981251893,1.006619619,1.001846008,1.096774194
2/13/2020,378,0.962197825,1.026288555,1.026288555,1.026288555,0.981251893,0.981251893,1.006619619,1.001846008,1.096774194
2/14/2020,379,0.962197825,1.026288555,1.026288555,1.026288555,0.981251893,0.981251893,1.006619619,1.001846008,1.096774194
2/15/2020,380,0.962197825,1.026288555,1.026288555,1.026288555,0.981251893,0.981251893,1.006619619,1.001846008,1.096774194
2/16/2020,381,0.962197825,1.026288555,1.026288555,1.026288555,0.981251893,0.981251893,1.006619619,1.001846008,1.096774194
2/17/2020,382,0.962197825,1.026288555,1.026288555,1.026288555,0.981251893,0.981251893,1.006619619,1.001846008,1.096774194
2/18/2020,383,0.962197825,1.026288555,1.026288555,1.026288555,0.981251893,0.981251893,1.006619619,1.001846008,1.096774194
2/19/2020,384,0.962197825,1.026288555,1.026288555,1.026288555,0.981251893,0.981251893,1.006619619,1.001846008,1.096774194
2/20/2020,385,0.962197825,1.026288555,1.026288555,1.026288555,0.981251893,0.981251893,1.006619619,1.001846008,1.096774194
2/21/2020,386,0.962197825,1.026288555,1.026288555,1.026288555,0.981251893,0.981251893,1.006619619,1.001846008,1.096774194
2/22/2020,387,0.962197825,1.026288555,1.026288555,1.026288555,0.981251893,0.981251893,1.006619619,1.001846008,1.096774194
2/23/2020,388,0.962197825,1.026288555,1.026288555,1.026288555,0.981251893,0.981251893,1.006619619,1.001846008,1.096774194
2/24/2020,389,0.962197825,1.026288555,1.026288555,1.026288555,0.981251893,0.981251893,1.006619619,1.001846008,1.096774194
2/25/2020,390,0.962197825,1.026288555,1.026288555,1.026288555,0.981251893,0.981251893,1.006619619,1.001846008,1.096774194
2/26/2020,391,0.962197825,1.026288555,1.026288555,1.026288555,0.981251893,0.981251893,1.006619619,1.001846008,1.096774194
2/27/2020,392,0.962197825,1.026288555,1.026288555,1.026288555,0.981251893,0.981251893,1.006619619,1.001846008,1.096774194
2/28/2020,393,0.962197825,1.026288555,1.026288555,1.026288555,0.981251893,0.981251893,1.006619619,1.001846008,1.096774194
2/29/2020,394,0.962197825,1.026288555,1.026288555,1.026288555,0.981251893,0.981251893,1.006619619,1.001846008,1.096774194
3/1/2020,395,0.962197825,1.026288555,1.026288555,1.026288555,0.981251893,0.981251893,1.006619619,1.001846008,1.096774194
3/2/2020,396,0.962197825,1.026288555,1.026288555,1.026288555,0.981251893,0.981251893,1.006619619,1.001846008,1.096774194
3/3/2020,397,0.962197825,1.026288555,1.026288555,1.026288555,0.981251893,0.981251893,1.006619619,1.001846008,1.096774194
3/4/2020,398,0.962197825,1.026288555,1.026288555,1.026288555,0.981251893,0.981251893,1.006619619,1.001846008,1.096774194
3/5/2020,399,0.962197825,1.026288555,1.026288555,1.026288555,0.981251893,0.981251893,1.006619619,1.001846008,1.096774194
3/6/2020,400,0.962197825,1.026288555,1.026288555,1.026288555,0.981251893,0.981251893,1.006619619,1.001846008,1.096774194
3/7/2020,401,0.962197825,1.026288555,1.026288555,1.026288555,0.981251893,0.981251893,1.006619619,1.001846008,1.096774194
3/8/2020,402,0.962197825,1.026288555,1.026288555,1.026288555,0.981251893,0.981251893,1.006619619,1.001846008,1.096774194
3/9/2020,403,0.962197825,1.026288555,1.026288555,1.026288555,0.981251893,0.981251893,1.006619619,1.001846008,1.096774194
3/10/2020,404,0.962197825,1.026288555,1.026288555,1.026288555,0.981251893,0.981251893,1.006619619,1.001846008,1.096774194
3/11/2020,405,0.962197825,1.026288555,1.026288555,1.026288555,0.981251893,0.981251893,1.006619619,1.001846008,1.096774194
3/12/2020,406,0.962197825,1.026288555,1.026288555,1.026288555,0.981251893,0.981251893,1.006619619,1.001846008,1.096774194
3/13/2020,407,0.962197825,1.026288555,1.026288555,1.026288555,0.981251893,0.981251893,1.006619619,1.001846008,1.096774194
3/14/2020,408,0.962197825,1.026288555,1.026288555,1.026288555,0.981251893,0.981251893,1.006619619,1.001846008,1.096774194
3/15/2020,409,0.962197825,1.026288555,1.026288555,1.026288555,0.981251893,0.981251893,1.006619619,1.001846008,1.096774194
3/16/2020,410,0.962197825,1.026288555,1.026288555,1.026288555,0.981251893,0.981251893,1.006619619,1.001846008,1.096774194
3/17/2020,411,0.962197825,1.026288555,1.026288555,1.026288555,0.981251893,0.981251893,1.006619619,1.001846008,1.096774194
3/18/2020,412,0.962197825,1.026288555,1.026288555,1.026288555,0.981251893,0.981251893,1.006619619,1.001846008,1.096774194
3/19/2020,413,0.962197825,1.026288555,1.026288555,1.026288555,0.981251893,0.981251893,1.006619619,1.001846008,1.096774194
3/20/2020,414,0.962197825,1.026288555,1.026288555,1.026288555,0.981251893,0.981251893,1.006619619,1.001846008,1.096774194
3/21/2020,415,0.962197825,1.026288555,1.026288555,1.026288555,0.981251893,0.981251893,1.006619619,1.001846008,1.096774194
3/22/2020,416,0.962197825,1.026288555,1.026288555,1.026288555,0.981251893,0.981251893,1.006619619,1.001846008,1.096774194
3/23/2020,417,0.962197825,1.026288555,1.026288555,1.026288555,0.981251893,0.981251893,1.006619619,1.001846008,1.096774194
3/24/2020,418,0.962197825,1.026288555,1.026288555,1.026288555,0.981251893,0.981251893,1.006619619,1.001846008,1.096774194
3/25/2020,419,0.962197825,1.026288555,1.026288555,1.026288555,0.981251893,0.981251893,1.006619619,1.001846008,1.096774194
3/26/2020,420,0.962197825,1.026288555,1.026288555,1.026288555,0.981251893,0.981251893,1.006619619,1.001846008,1.096774194
3/27/2020,421,0.962197825,1.026288555,1.026288555,1.026288555,0.981251893,0.981251893,1.006619619,1.001846008,1.096774194
3/28/2020,422,0.962197825,1.026288555,1.026288555,1.026288555,0.981251893,0.981251893,1.006619619,1.001846008,1.096774194
3/29/2020,423,0.962197825,1.026288555,1.026288555,1.026288555,0.981251893,0.981251893,1.006619619,1.001846008,1.096774194
3/30/2020,424,0.962197825,1.026288555,1.026288555,1.026288555,0.981251893,0.981251893,1.006619619,1.001846008,1.096774194
3/31/2020,425,0.962197825,1.026288555,1.026288555,1.026288555,0.981251893,0.981251893,1.006619619,1.001846008,1.096774194
4/1/2020,426,1.059340583,1.120098538,1.120098538,1.120098538,1.018319307,1.018319307,1.009142195,1.036559497,1.096774194
4/2/2020,427,1.059340583,1.120098538,1.120098538,1.120098538,1.018319307,1.018319307,1.009142195,1.036559497,1.096774194
4/3/2020,428,1.059340583,1.120098538,1.120098538,1.120098538,1.018319307,1.018319307,1.009142195,1.036559497,1.096774194
4/4/2020,429,1.059340583,1.120098538,1.120098538,1.120098538,1.018319307,1.018319307,1.009142195,1.036559497,1.096774194
4/5/2020,430,1.059340583,1.120098538,1.120098538,1.120098538,1.018319307,1.018319307,1.009142195,1.036559497,1.096774194
4/6/2020,431,1.059340583,1.120098538,1.120098538,1.120098538,1.018319307,1.018319307,1.009142195,1.036559497,1.096774194
4/7/2020,432,1.059340583,1.120098538,1.120098538,1.120098538,1.018319307,1.018319307,1.009142195,1.036559497,1.096774194
4/8/2020,433,1.059340583,1.120098538,1.120098538,1.120098538,1.018319307,1.018319307,1.009142195,1.036559497,1.096774194
4/9/2020,434,1.059340583,1.120098538,1.120098538,1.120098538,1.018319307,1.018319307,1.009142195,1.036559497,1.096774194
4/10/2020,435,1.059340583,1.120098538,1.120098538,1.120098538,1.018319307,1.018319307,1.009142195,1.036559497,1.096774194
4/11/2020,436,1.059340583,1.120098538,1.120098538,1.120098538,1.018319307,1.018319307,1.009142195,1.036559497,1.096774194
4/12/2020,437,1.059340583,1.120098538,1.120098538,1.120098538,1.018319307,1.018319307,1.009142195,1.036559497,1.096774194
4/13/2020,438,1.059340583,1.120098538,1.120098538,1.120098538,1.018319307,1.018319307,1.009142195,1.036559497,1.096774194
4/14/2020,439,1.059340583,1.120098538,1.120098538,1.120098538,1.018319307,1.018319307,1.009142195,1.036559497,1.096774194
4/15/2020,440,1.059340583,1.120098538,1.120098538,1.120098538,1.018319307,1.018319307,1.009142195,1.036559497,1.096774194
4/16/2020,441,1.059340583,1.120098538,1.120098538,1.120098538,1.018319307,1.018319307,1.009142195,1.036559497,1.096774194
4/17/2020,442,1.059340583,1.120098538,1.120098538,1.120098538,1.018319307,1.018319307,1.009142195,1.036559497,1.096774194
4/18/2020,443,1.059340583,1.120098538,1.120098538,1.120098538,1.018319307,1.018319307,1.009142195,1.036559497,1.096774194
4/19/2020,444,1.059340583,1.120098538,1.120098538,1.120098538,1.018319307,1.018319307,1.009142195,1.036559497,1.096774194
4/20/2020,445,1.059340583,1.120098538,1.120098538,1.120098538,1.018319307,1.018319307,1.009142195,1.036559497,1.096774194
4/21/2020,446,1.059340583,1.120098538,1.120098538,1.120098538,1.018319307,1.018319307,1.009142195,1.036559497,1.096774194
4/22/2020,447,1.059340583,1.120098538,1.120098538,1.120098538,1.018319307,1.018319307,1.009142195,1.036559497,1.096774194
4/23/2020,448,1.059340583,1.120098538,1.120098538,1.120098538,1.018319307,1.018319307,1.009142195,1.036559497,1.096774194
4/24/2020,449,1.059340583,1.120098538,1.120098538,1.120098538,1.018319307,1.018319307,1.009142195,1.036559497,1.096774194
4/25/2020,450,1.059340583,1.120098538,1.120098538,1.120098538,1.018319307,1.018319307,1.009142195,1.036559497,1.096774194
4/26/2020,451,1.059340583,1.120098538,1.120098538,1.120098538,1.018319307,1.018319307,1.009142195,1.036559497,1.096774194
4/27/2020,452,1.059340583,1.120098538,1.120098538,1.120098538,1.018319307,1.018319307,1.009142195,1.036559497,1.096774194
4/28/2020,453,1.059340583,1.120098538,1.120098538,1.120098538,1.018319307,1.018319307,1.009142195,1.036559497,1.096774194
4/29/2020,454,1.059340583,1.120098538,1.120098538,1.120098538,1.018319307,1.018319307,1.009142195,1.036559497,1.096774194
4/30/2020,455,1.059340583,1.120098538,1.120098538,1.120098538,1.018319307,1.018319307,1.009142195,1.036559497,1.096774194
5/1/2020,456,1.059340583,1.120098538,1.120098538,1.120098538,1.018319307,1.018319307,1.009142195,1.036559497,1.096774194
5/2/2020,457,1.059340583,1.120098538,1.120098538,1.120098538,1.018319307,1.018319307,1.009142195,1.036559497,1.096774194
5/3/2020,458,1.059340583,1.120098538,1.120098538,1.120098538,1.018319307,1.018319307,1.009142195,1.036559497,1.096774194
5/4/2020,459,1.059340583,1.120098538,1.120098538,1.120098538,1.018319307,1.018319307,1.009142195,1.036559497,1.096774194
5/5/2020,460,1.059340583,1.120098538,1.120098538,1.120098538,1.018319307,1.018319307,1.009142195,1.036559497,1.096774194
5/6/2020,461,1.059340583,1.120098538,1.120098538,1.120098538,1.018319307,1.018319307,1.009142195,1.036559497,1.096774194
5/7/2020,462,1.059340583,1.120098538,1.120098538,1.120098538,1.018319307,1.018319307,1.009142195,1.036559497,1.096774194
5/8/2020,463,1.059340583,1.120098538,1.120098538,1.120098538,1.018319307,1.018319307,1.009142195,1.036559497,1.096774194
5/9/2020,464,1.059340583,1.120098538,1.120098538,1.120098538,1.018319307,1.018319307,1.009142195,1.036559497,1.096774194
5/10/2020,465,1.059340583,1.120098538,1.120098538,1.120098538,1.018319307,1.018319307,1.009142195,1.036559497,1.096774194
5/11/2020,466,1.059340583,1.120098538,1.120098538,1.120098538,1.018319307,1.018319307,1.009142195,1.036559497,1.096774194
5/12/2020,467,1.059340583,1.120098538,1.120098538,1.120098538,1.018319307,1.018319307,1.009142195,1.036559497,1.096774194
5/13/2020,468,1.059340583,1.120098538,1.120098538,1.120098538,1.018319307,1.018319307,1.009142195,1.036559497,1.096774194
5/14/2020,469,1.059340583,1.120098538,1.120098538,1.120098538,1.018319307,1.018319307,1.009142195,1.036559497,1.096774194
5/15/2020,470,1.059340583,1.120098538,1.120098538,1.120098538,1.018319307,1.018319307,1.009142195,1.036559497,1.096774194
5/16/2020,471,1.059340583,1.120098538,1.120098538,1.120098538,1.018319307,1.018319307,1.009142195,1.036559497,1.096774194
5/17/2020,472,1.059340583,1.120098538,1.120098538,1.120098538,1.018319307,1.018319307,1.009142195,1.036559497,1.096774194
5/18/2020,473,1.059340583,1.120098538,1.120098538,1.120098538,1.018319307,1.018319307,1.009142195,1.036559497,1.096774194
5/19/2020,474,1.059340583,1.120098538,1.120098538,1.120098538,1.018319307,1.018319307,1.009142195,1.036559497,1.096774194
5/20/2020,475,1.059340583,1.120098538,1.120098538,1.120098538,1.018319307,1.018319307,1.009142195,1.036559497,1.096774194
5/21/2020,476,1.059340583,1.120098538,1.120098538,1.120098538,1.018319307,1.018319307,1.009142195,1.036559497,1.096774194
5/22/2020,477,1.059340583,1.120098538,1.120098538,1.120098538,1.018319307,1.018319307,1.009142195,1.036559497,1.096774194
5/23/2020,478,1.059340583,1.120098538,1.120098538,1.120098538,1.018319307,1.018319307,1.009142195,1.036559497,1.096774194
5/24/2020,479,1.059340583,1.120098538,1.120098538,1.120098538,1.018319307,1.018319307,1.009142195,1.036559497,1.096774194
5/25/2020,480,1.059340583,1.120098538,1.120098538,1.120098538,1.018319307,1.018319307,1.009142195,1.036559497,1.096774194
5/26/2020,481,1.059340583,1.120098538,1.120098538,1.120098538,1.018319307,1.018319307,1.009142195,1.036559497,1.096774194
5/27/2020,482,1.059340583,1.120098538,1.120098538,1.120098538,1.018319307,1.018319307,1.009142195,1.036559497,1.096774194
5/28/2020,483,1.059340583,1.120098538,1.120098538,1.120098538,1.018319307,1.018319307,1.009142195,1.036559497,1.096774194
5/29/2020,484,1.059340583,1.120098538,1.120098538,1.120098538,1.018319307,1.018319307,1.009142195,1.036559497,1.096774194
5/30/2020,485,1.059340583,1.120098538,1.120098538,1.120098538,1.018319307,1.018319307,1.009142195,1.036559497,1.096774194
5/31/2020,486,1.059340583,1.120098538,1.120098538,1.120098538,1.018319307,1.018319307,1.009142195,1.036559497,1.096774194
6/1/2020,487,0.999324652,1.091510177,1.091510177,1.091510177,1.052017574,1.052017574,1.036247024,1.094222328,1.096774194
6/2/2020,488,0.999324652,1.091510177,1.091510177,1.091510177,1.052017574,1.052017574,1.036247024,1.094222328,1.096774194
6/3/2020,489,0.999324652,1.091510177,1.091510177,1.091510177,1.052017574,1.052017574,1.036247024,1.094222328,1.096774194
6/4/2020,490,0.999324652,1.091510177,1.091510177,1.091510177,1.052017574,1.052017574,1.036247024,1.094222328,1.096774194
6/5/2020,491,0.999324652,1.091510177,1.091510177,1.091510177,1.052017574,1.052017574,1.036247024,1.094222328,1.096774194
6/6/2020,492,0.999324652,1.091510177,1.091510177,1.091510177,1.052017574,1.052017574,1.036247024,1.094222328,1.096774194
6/7/2020,493,0.999324652,1.091510177,1.091510177,1.091510177,1.052017574,1.052017574,1.036247024,1.094222328,1.096774194
6/8/2020,494,0.999324652,1.091510177,1.091510177,1.091510177,1.052017574,1.052017574,1.036247024,1.094222328,1.096774194
6/9/2020,495,0.999324652,1.091510177,1.091510177,1.091510177,1.052017574,1.052017574,1.036247024,1.094222328,1.096774194
6/10/2020,496,0.999324652,1.091510177,1.091510177,1.091510177,1.052017574,1.052017574,1.036247024,1.094222328,1.096774194
6/11/2020,497,0.999324652,1.091510177,1.091510177,1.091510177,1.052017574,1.052017574,1.036247024,1.094222328,1.096774194
6/12/2020,498,0.999324652,1.091510177,1.091510177,1.091510177,1.052017574,1.052017574,1.036247024,1.094222328,1.096774194
6/13/2020,499,0.999324652,1.091510177,1.091510177,1.091510177,1.052017574,1.052017574,1.036247024,1.094222328,1.096774194
6/14/2020,500,0.999324652,1.091510177,1.091510177,1.091510177,1.052017574,1.052017574,1.036247024,1.094222328,1.096774194
6/15/2020,501,0.999324652,1.091510177,1.091510177,1.091510177,1.052017574,1.052017574,1.036247024,1.094222328,1.096774194
6/16/2020,502,0.999324652,1.091510177,1.091510177,1.091510177,1.052017574,1.052017574,1.036247024,1.094222328,1.096774194
6/17/2020,503,0.999324652,1.091510177,1.091510177,1.091510177,1.052017574,1.052017574,1.036247024,1.094222328,1.096774194
6/18/2020,504,0.999324652,1.091510177,1.091510177,1.091510177,1.052017574,1.052017574,1.036247024,1.094222328,1.096774194
6/19/2020,505,0.999324652,1.091510177,1.091510177,1.091510177,1.052017574,1.052017574,1.036247024,1.094222328,1.096774194
6/20/2020,506,0.999324652,1.091510177,1.091510177,1.091510177,1.052017574,1.052017574,1.036247024,1.094222328,1.096774194
6/21/2020,507,0.999324652,1.091510177,1.091510177,1.091510177,1.052017574,1.052017574,1.036247024,1.094222328,1.096774194
6/22/2020,508,0.999324652,1.091510177,1.091510177,1.091510177,1.052017574,1.052017574,1.036247024,1.094222328,1.096774194
6/23/2020,509,0.999324652,1.091510177,1.091510177,1.091510177,1.052017574,1.052017574,1.036247024,1.094222328,1.096774194
6/24/2020,510,0.999324652,1.091510177,1.091510177,1.091510177,1.052017574,1.052017574,1.036247024,1.094222328,1.096774194
6/25/2020,511,0.999324652,1.091510177,1.091510177,1.091510177,1.052017574,1.052017574,1.036247024,1.094222328,1.096774194
6/26/2020,512,0.999324652,1.091510177,1.091510177,1.091510177,1.052017574,1.052017574,1.036247024,1.094222328,1.096774194
6/27/2020,513,0.999324652,1.091510177,1.091510177,1.091510177,1.052017574,1.052017574,1.036247024,1.094222328,1.096774194
6/28/2020,514,0.999324652,1.091510177,1.091510177,1.091510177,1.052017574,1.052017574,1.036247024,1.094222328,1.096774194
6/29/2020,515,0.999324652,1.091510177,1.091510177,1.091510177,1.052017574,1.052017574,1.036247024,1.094222328,1.096774194
6/30/2020,516,0.999324652,1.091510177,1.091510177,1.091510177,1.052017574,1.052017574,1.036247024,1.094222328,1.096774194
7/1/2020,517,0.999324652,1.091510177,1.091510177,1.091510177,1.052017574,1.052017574,1.036247024,1.094222328,1.096774194
7/2/2020,518,0.999324652,1.091510177,1.091510177,1.091510177,1.052017574,1.052017574,1.036247024,1.094222328,1.096774194
7/3/2020,519,0.999324652,1.091510177,1.091510177,1.091510177,1.052017574,1.052017574,1.036247024,1.094222328,1.096774194
7/4/2020,520,0.999324652,1.091510177,1.091510177,1.091510177,1.052017574,1.052017574,1.036247024,1.094222328,1.096774194
7/5/2020,521,0.999324652,1.091510177,1.091510177,1.091510177,1.052017574,1.052017574,1.036247024,1.094222328,1.096774194
7/6/2020,522,0.999324652,1.091510177,1.091510177,1.091510177,1.052017574,1.052017574,1.036247024,1.094222328,1.096774194
7/7/2020,523,0.999324652,1.091510177,1.091510177,1.091510177,1.052017574,1.052017574,1.036247024,1.094222328,1.096774194
7/8/2020,524,0.999324652,1.091510177,1.091510177,1.091510177,1.052017574,1.052017574,1.036247024,1.094222328,1.096774194
7/9/2020,525,0.999324652,1.091510177,1.091510177,1.091510177,1.052017574,1.052017574,1.036247024,1.094222328,1.096774194
7/10/2020,526,0.999324652,1.091510177,1.091510177,1.091510177,1.052017574,1.052017574,1.036247024,1.094222328,1.096774194
7/11/2020,527,0.999324652,1.091510177,1.091510177,1.091510177,1.052017574,1.052017574,1.036247024,1.094222328,1.096774194
7/12/2020,528,0.999324652,1.091510177,1.091510177,1.091510177,1.052017574,1.052017574,1.036247024,1.094222328,1.096774194
7/13/2020,529,0.999324652,1.091510177,1.091510177,1.091510177,1.052017574,1.052017574,1.036247024,1.094222328,1.096774194
7/14/2020,530,0.999324652,1.091510177,1.091510177,1.091510177,1.052017574,1.052017574,1.036247024,1.094222328,1.096774194
7/15/2020,531,0.999324652,1.091510177,1.091510177,1.091510177,1.052017574,1.052017574,1.036247024,1.094222328,1.096774194
7/16/2020,532,0.999324652,1.091510177,1.091510177,1.091510177,1.052017574,1.052017574,1.036247024,1.094222328,1.096774194
7/17/2020,533,0.999324652,1.091510177,1.091510177,1.091510177,1.052017574,1.052017574,1.036247024,1.094222328,1.096774194
7/18/2020,534,0.999324652,1.091510177,1.091510177,1.091510177,1.052017574,1.052017574,1.036247024,1.094222328,1.096774194
7/19/2020,535,0.999324652,1.091510177,1.091510177,1.091510177,1.052017574,1.052017574,1.036247024,1.094222328,1.096774194
7/20/2020,536,0.999324652,1.091510177,1.091510177,1.091510177,1.052017574,1.052017574,1.036247024,1.094222328,1.096774194
7/21/2020,537,0.999324652,1.091510177,1.091510177,1.091510177,1.052017574,1.052017574,1.036247024,1.094222328,1.096774194
7/22/2020,538,0.999324652,1.091510177,1.091510177,1.091510177,1.052017574,1.052017574,1.036247024,1.094222328,1.096774194
7/23/2020,539,0.999324652,1.091510177,1.091510177,1.091510177,1.052017574,1.052017574,1.036247024,1.094222328,1.096774194
7/24/2020,540,0.999324652,1.091510177,1.091510177,1.091510177,1.052017574,1.052017574,1.036247024,1.094222328,1.096774194
7/25/2020,541,0.999324652,1.091510177,1.091510177,1.091510177,1.052017574,1.052017574,1.036247024,1.094222328,1.096774194
7/26/2020,542,0.999324652,1.091510177,1.091510177,1.091510177,1.052017574,1.052017574,1.036247024,1.094222328,1.096774194
7/27/2020,543,0.999324652,1.091510177,1.091510177,1.091510177,1.052017574,1.052017574,1.036247024,1.094222328,1.096774194
7/28/2020,544,0.999324652,1.091510177,1.091510177,1.091510177,1.052017574,1.052017574,1.036247024,1.094222328,1.096774194
7/29/2020,545,0.999324652,1.091510177,1.091510177,1.091510177,1.052017574,1.052017574,1.036247024,1.094222328,1.096774194
7/30/2020,546,0.999324652,1.091510177,1.091510177,1.091510177,1.052017574,1.052017574,1.036247024,1.094222328,1.096774194
7/31/2020,547,0.999324652,1.091510177,1.091510177,1.091510177,1.052017574,1.052017574,1.036247024,1.094222328,1.096774194
8/1/2020,548,1.009537993,1.036964963,1.036964963,1.036964963,1.00480869,1.00480869,1.024376327,1.058142128,1.096774194
8/2/2020,549,1.009537993,1.036964963,1.036964963,1.036964963,1.00480869,1.00480869,1.024376327,1.058142128,1.096774194
8/3/2020,550,1.009537993,1.036964963,1.036964963,1.036964963,1.00480869,1.00480869,1.024376327,1.058142128,1.096774194
8/4/2020,551,1.009537993,1.036964963,1.036964963,1.036964963,1.00480869,1.00480869,1.024376327,1.058142128,1.096774194
8/5/2020,552,1.009537993,1.036964963,1.036964963,1.036964963,1.00480869,1.00480869,1.024376327,1.058142128,1.096774194
8/6/2020,553,1.009537993,1.036964963,1.036964963,1.036964963,1.00480869,1.00480869,1.024376327,1.058142128,1.096774194
8/7/2020,554,1.009537993,1.036964963,1.036964963,1.036964963,1.00480869,1.00480869,1.024376327,1.058142128,1.096774194
8/8/2020,555,1.009537993,1.036964963,1.036964963,1.036964963,1.00480869,1.00480869,1.024376327,1.058142128,1.096774194
8/9/2020,556,1.009537993,1.036964963,1.036964963,1.036964963,1.00480869,1.00480869,1.024376327,1.058142128,1.096774194
8/10/2020,557,1.009537993,1.036964963,1.036964963,1.036964963,1.00480869,1.00480869,1.024376327,1.058142128,1.096774194
8/11/2020,558,1.009537993,1.036964963,1.036964963,1.036964963,1.00480869,1.00480869,1.024376327,1.058142128,1.096774194
8/12/2020,559,1.009537993,1.036964963,1.036964963,1.036964963,1.00480869,1.00480869,1.024376327,1.058142128,1.096774194
8/13/2020,560,1.009537993,1.036964963,1.036964963,1.036964963,1.00480869,1.00480869,1.024376327,1.058142128,1.096774194
8/14/2020,561,1.009537993,1.036964963,1.036964963,1.036964963,1.00480869,1.00480869,1.024376327,1.058142128,1.096774194
8/15/2020,562,1.009537993,1.036964963,1.036964963,1.036964963,1.00480869,1.00480869,1.024376327,1.058142128,1.096774194
8/16/2020,563,1.009537993,1.036964963,1.036964963,1.036964963,1.00480869,1.00480869,1.024376327,1.058142128,1.096774194
8/17/2020,564,1.009537993,1.036964963,1.036964963,1.036964963,1.00480869,1.00480869,1.024376327,1.058142128,1.096774194
8/18/2020,565,1.009537993,1.036964963,1.036964963,1.036964963,1.00480869,1.00480869,1.024376327,1.058142128,1.096774194
8/19/2020,566,1.009537993,1.036964963,1.036964963,1.036964963,1.00480869,1.00480869,1.024376327,1.058142128,1.096774194
8/20/2020,567,1.009537993,1.036964963,1.036964963,1.036964963,1.00480869,1.00480869,1.024376327,1.058142128,1.096774194
8/21/2020,568,1.009537993,1.036964963,1.036964963,1.036964963,1.00480869,1.00480869,1.024376327,1.058142128,1.096774194
8/22/2020,569,1.009537993,1.036964963,1.036964963,1.036964963,1.00480869,1.00480869,1.024376327,1.058142128,1.096774194
8/23/2020,570,1.009537993,1.036964963,1.036964963,1.036964963,1.00480869,1.00480869,1.024376327,1.058142128,1.096774194
8/24/2020,571,1.009537993,1.036964963,1.036964963,1.036964963,1.00480869,1.00480869,1.024376327,1.058142128,1.096774194
8/25/2020,572,1.009537993,1.036964963,1.036964963,1.036964963,1.00480869,1.00480869,1.024376327,1.058142128,1.096774194
8/26/2020,573,1.009537993,1.036964963,1.036964963,1.036964963,1.00480869,1.00480869,1.024376327,1.058142128,1.096774194
8/27/2020,574,1.009537993,1.036964963,1.036964963,1.036964963,1.00480869,1.00480869,1.024376327,1.058142128,1.096774194
8/28/2020,575,1.009537993,1.036964963,1.036964963,1.036964963,1.00480869,1.00480869,1.024376327,1.058142128,1.096774194
8/29/2020,576,1.009537993,1.036964963,1.036964963,1.036964963,1.00480869,1.00480869,1.024376327,1.058142128,1.096774194
8/30/2020,577,1.009537993,1.036964963,1.036964963,1.036964963,1.00480869,1.00480869,1.024376327,1.058142128,1.096774194
8/31/2020,578,1.009537993,1.036964963,1.036964963,1.036964963,1.00480869,1.00480869,1.024376327,1.058142128,1.096774194
9/1/2020,579,1.009537993,1.036964963,1.036964963,1.036964963,1.00480869,1.00480869,1.024376327,1.058142128,1.096774194
9/2/2020,580,1.009537993,1.036964963,1.036964963,1.036964963,1.00480869,1.00480869,1.024376327,1.058142128,1.096774194
9/3/2020,581,1.009537993,1.036964963,1.036964963,1.036964963,1.00480869,1.00480869,1.024376327,1.058142128,1.096774194
9/4/2020,582,1.009537993,1.036964963,1.036964963,1.036964963,1.00480869,1.00480869,1.024376327,1.058142128,1.096774194
9/5/2020,583,1.009537993,1.036964963,1.036964963,1.036964963,1.00480869,1.00480869,1.024376327,1.058142128,1.096774194
9/6/2020,584,1.009537993,1.036964963,1.036964963,1.036964963,1.00480869,1.00480869,1.024376327,1.058142128,1.096774194
9/7/2020,585,1.009537993,1.036964963,1.036964963,1.036964963,1.00480869,1.00480869,1.024376327,1.058142128,1.096774194
9/8/2020,586,1.009537993,1.036964963,1.036964963,1.036964963,1.00480869,1.00480869,1.024376327,1.058142128,1.096774194
9/9/2020,587,1.009537993,1.036964963,1.036964963,1.036964963,1.00480869,1.00480869,1.024376327,1.058142128,1.096774194
9/10/2020,588,1.009537993,1.036964963,1.036964963,1.036964963,1.00480869,1.00480869,1.024376327,1.058142128,1.096774194
9/11/2020,589,1.009537993,1.036964963,1.036964963,1.036964963,1.00480869,1.00480869,1.024376327,1.058142128,1.096774194
9/12/2020,590,1.009537993,1.036964963,1.036964963,1.036964963,1.00480869,1.00480869,1.024376327,1.058142128,1.096774194
9/13/2020,591,1.009537993,1.036964963,1.036964963,1.036964963,1.00480869,1.00480869,1.024376327,1.058142128,1.096774194
9/14/2020,592,1.009537993,1.036964963,1.036964963,1.036964963,1.00480869,1.00480869,1.024376327,1.058142128,1.096774194
9/15/2020,593,1.009537993,1.036964963,1.036964963,1.036964963,1.00480869,1.00480869,1.024376327,1.058142128,1.096774194
9/16/2020,594,1.009537993,1.036964963,1.036964963,1.036964963,1.00480869,1.00480869,1.024376327,1.058142128,1.096774194
9/17/2020,595,1.009537993,1.036964963,1.036964963,1.036964963,1.00480869,1.00480869,1.024376327,1.058142128,1.096774194
9/18/2020,596,1.009537993,1.036964963,1.036964963,1.036964963,1.00480869,1.00480869,1.024376327,1.058142128,1.096774194
9/19/2020,597,1.009537993,1.036964963,1.036964963,1.036964963,1.00480869,1.00480869,1.024376327,1.058142128,1.096774194
9/20/2020,598,1.009537993,1.036964963,1.036964963,1.036964963,1.00480869,1.00480869,1.024376327,1.058142128,1.096774194
9/21/2020,599,1.009537993,1.036964963,1.036964963,1.036964963,1.00480869,1.00480869,1.024376327,1.058142128,1.096774194
9/22/2020,600,1.009537993,1.036964963,1.036964963,1.036964963,1.00480869,1.00480869,1.024376327,1.058142128,1.096774194
9/23/2020,601,1.009537993,1.036964963,1.036964963,1.036964963,1.00480869,1.00480869,1.024376327,1.058142128,1.096774194
9/24/2020,602,1.009537993,1.036964963,1.036964963,1.036964963,1.00480869,1.00480869,1.024376327,1.058142128,1.096774194
9/25/2020,603,1.009537993,1.036964963,1.036964963,1.036964963,1.00480869,1.00480869,1.024376327,1.058142128,1.096774194
9/26/2020,604,1.009537993,1.036964963,1.036964963,1.036964963,1.00480869,1.00480869,1.024376327,1.058142128,1.096774194
9/27/2020,605,1.009537993,1.036964963,1.036964963,1.036964963,1.00480869,1.00480869,1.024376327,1.058142128,1.096774194
9/28/2020,606,1.009537993,1.036964963,1.036964963,1.036964963,1.00480869,1.00480869,1.024376327,1.058142128,1.096774194
9/29/2020,607,1.009537993,1.036964963,1.036964963,1.036964963,1.00480869,1.00480869,1.024376327,1.058142128,1.096774194
9/30/2020,608,1.009537993,1.036964963,1.036964963,1.036964963,1.00480869,1.00480869,1.024376327,1.058142128,1.096774194
10/1/2020,609,1.015197063,1.067552387,1.067552387,1.067552387,1.018492869,1.018492869,1.043746112,1.072848499,1.096774194
10/2/2020,610,1.015197063,1.067552387,1.067552387,1.067552387,1.018492869,1.018492869,1.043746112,1.072848499,1.096774194
10/3/2020,611,1.015197063,1.067552387,1.067552387,1.067552387,1.018492869,1.018492869,1.043746112,1.072848499,1.096774194
10/4/2020,612,1.015197063,1.067552387,1.067552387,1.067552387,1.018492869,1.018492869,1.043746112,1.072848499,1.096774194
10/5/2020,613,1.015197063,1.067552387,1.067552387,1.067552387,1.018492869,1.018492869,1.043746112,1.072848499,1.096774194
10/6/2020,614,1.015197063,1.067552387,1.067552387,1.067552387,1.018492869,1.018492869,1.043746112,1.072848499,1.096774194
10/7/2020,615,1.015197063,1.067552387,1.067552387,1.067552387,1.018492869,1.018492869,1.043746112,1.072848499,1.096774194
10/8/2020,616,1.015197063,1.067552387,1.067552387,1.067552387,1.018492869,1.018492869,1.043746112,1.072848499,1.096774194
10/9/2020,617,1.015197063,1.067552387,1.067552387,1.067552387,1.018492869,1.018492869,1.043746112,1.072848499,1.096774194
10/10/2020,618,1.015197063,1.067552387,1.067552387,1.067552387,1.018492869,1.018492869,1.043746112,1.072848499,1.096774194
10/11/2020,619,1.015197063,1.067552387,1.067552387,1.067552387,1.018492869,1.018492869,1.043746112,1.072848499,1.096774194
10/12/2020,620,1.015197063,1.067552387,1.067552387,1.067552387,1.018492869,1.018492869,1.043746112,1.072848499,1.096774194
10/13/2020,621,1.015197063,1.067552387,1.067552387,1.067552387,1.018492869,1.018492869,1.043746112,1.072848499,1.096774194
10/14/2020,622,1.015197063,1.067552387,1.067552387,1.067552387,1.018492869,1.018492869,1.043746112,1.072848499,1.096774194
10/15/2020,623,1.015197063,1.067552387,1.067552387,1.067552387,1.018492869,1.018492869,1.043746112,1.072848499,1.096774194
10/16/2020,624,1.015197063,1.067552387,1.067552387,1.067552387,1.018492869,1.018492869,1.043746112,1.072848499,1.096774194
10/17/2020,625,1.015197063,1.067552387,1.067552387,1.067552387,1.018492869,1.018492869,1.043746112,1.072848499,1.096774194
10/18/2020,626,1.015197063,1.067552387,1.067552387,1.067552387,1.018492869,1.018492869,1.043746112,1.072848499,1.096774194
10/19/2020,627,1.015197063,1.067552387,1.067552387,1.067552387,1.018492869,1.018492869,1.043746112,1.072848499,1.096774194
10/20/2020,628,1.015197063,1.067552387,1.067552387,1.067552387,1.018492869,1.018492869,1.043746112,1.072848499,1.096774194
10/21/2020,629,1.015197063,1.067552387,1.067552387,1.067552387,1.018492869,1.018492869,1.043746112,1.072848499,1.096774194
10/22/2020,630,1.015197063,1.067552387,1.067552387,1.067552387,1.018492869,1.018492869,1.043746112,1.072848499,1.096774194
10/23/2020,631,1.015197063,1.067552387,1.067552387,1.067552387,1.018492869,1.018492869,1.043746112,1.072848499,1.096774194
10/24/2020,632,1.015197063,1.067552387,1.067552387,1.067552387,1.018492869,1.018492869,1.043746112,1.072848499,1.096774194
10/25/2020,633,1.015197063,1.067552387,1.067552387,1.067552387,1.018492869,1.018492869,1.043746112,1.072848499,1.096774194
10/26/2020,634,1.015197063,1.067552387,1.067552387,1.067552387,1.018492869,1.018492869,1.043746112,1.072848499,1.096774194
10/27/2020,635,1.015197063,1.067552387,1.067552387,1.067552387,1.018492869,1.018492869,1.043746112,1.072848499,1.096774194
10/28/2020,636,1.015197063,1.067552387,1.067552387,1.067552387,1.018492869,1.018492869,1.043746112,1.072848499,1.096774194
10/29/2020,637,1.015197063,1.067552387,1.067552387,1.067552387,1.018492869,1.018492869,1.043746112,1.072848499,1.096774194
10/30/2020,638,1.015197063,1.067552387,1.067552387,1.067552387,1.018492869,1.018492869,1.043746112,1.072848499,1.096774194
10/31/2020,639,1.015197063,1.067552387,1.067552387,1.067552387,1.018492869,1.018492869,1.043746112,1.072848499,1.096774194
11/1/2020,640,1.015197063,1.067552387,1.067552387,1.067552387,1.018492869,1.018492869,1.043746112,1.072848499,1.096774194
11/2/2020,641,1.015197063,1.067552387,1.067552387,1.067552387,1.018492869,1.018492869,1.043746112,1.072848499,1.096774194
11/3/2020,642,1.015197063,1.067552387,1.067552387,1.067552387,1.018492869,1.018492869,1.043746112,1.072848499,1.096774194
11/4/2020,643,1.015197063,1.067552387,1.067552387,1.067552387,1.018492869,1.018492869,1.043746112,1.072848499,1.096774194
11/5/2020,644,1.015197063,1.067552387,1.067552387,1.067552387,1.018492869,1.018492869,1.043746112,1.072848499,1.096774194
11/6/2020,645,1.015197063,1.067552387,1.067552387,1.067552387,1.018492869,1.018492869,1.043746112,1.072848499,1.096774194
11/7/2020,646,1.015197063,1.067552387,1.067552387,1.067552387,1.018492869,1.018492869,1.043746112,1.072848499,1.096774194
11/8/2020,647,1.015197063,1.067552387,1.067552387,1.067552387,1.018492869,1.018492869,1.043746112,1.072848499,1.096774194
11/9/2020,648,1.015197063,1.067552387,1.067552387,1.067552387,1.018492869,1.018492869,1.043746112,1.072848499,1.096774194
11/10/2020,649,1.015197063,1.067552387,1.067552387,1.067552387,1.018492869,1.018492869,1.043746112,1.072848499,1.096774194
11/11/2020,650,1.015197063,1.067552387,1.067552387,1.067552387,1.018492869,1.018492869,1.043746112,1.072848499,1.096774194
11/12/2020,651,1.015197063,1.067552387,1.067552387,1.067552387,1.018492869,1.018492869,1.043746112,1.072848499,1.096774194
11/13/2020,652,1.015197063,1.067552387,1.067552387,1.067552387,1.018492869,1.018492869,1.043746112,1.072848499,1.096774194
11/14/2020,653,1.015197063,1.067552387,1.067552387,1.067552387,1.018492869,1.018492869,1.043746112,1.072848499,1.096774194
11/15/2020,654,1.015197063,1.067552387,1.067552387,1.067552387,1.018492869,1.018492869,1.043746112,1.072848499,1.096774194
11/16/2020,655,1.015197063,1.067552387,1.067552387,1.067552387,1.018492869,1.018492869,1.043746112,1.072848499,1.096774194
11/17/2020,656,1.015197063,1.067552387,1.067552387,1.067552387,1.018492869,1.018492869,1.043746112,1.072848499,1.096774194
11/18/2020,657,1.015197063,1.067552387,1.067552387,1.067552387,1.018492869,1.018492869,1.043746112,1.072848499,1.096774194
11/19/2020,658,1.015197063,1.067552387,1.067552387,1.067552387,1.018492869,1.018492869,1.043746112,1.072848499,1.096774194
11/20/2020,659,1.015197063,1.067552387,1.067552387,1.067552387,1.018492869,1.018492869,1.043746112,1.072848499,1.096774194
11/21/2020,660,1.015197063,1.067552387,1.067552387,1.067552387,1.018492869,1.018492869,1.043746112,1.072848499,1.096774194
11/22/2020,661,1.015197063,1.067552387,1.067552387,1.067552387,1.018492869,1.018492869,1.043746112,1.072848499,1.096774194
11/23/2020,662,1.015197063,1.067552387,1.067552387,1.067552387,1.018492869,1.018492869,1.043746112,1.072848499,1.096774194
11/24/2020,663,1.015197063,1.067552387,1.067552387,1.067552387,1.018492869,1.018492869,1.043746112,1.072848499,1.096774194
11/25/2020,664,1.015197063,1.067552387,1.067552387,1.067552387,1.018492869,1.018492869,1.043746112,1.072848499,1.096774194
11/26/2020,665,1.015197063,1.067552387,1.067552387,1.067552387,1.018492869,1.018492869,1.043746112,1.072848499,1.096774194
11/27/2020,666,1.015197063,1.067552387,1.067552387,1.067552387,1.018492869,1.018492869,1.043746112,1.072848499,1.096774194
11/28/2020,667,1.015197063,1.067552387,1.067552387,1.067552387,1.018492869,1.018492869,1.043746112,1.072848499,1.096774194
11/29/2020,668,1.015197063,1.067552387,1.067552387,1.067552387,1.018492869,1.018492869,1.043746112,1.072848499,1.096774194
11/30/2020,669,1.015197063,1.067552387,1.067552387,1.067552387,1.018492869,1.018492869,1.043746112,1.072848499,1.096774194
12/1/2020,670,1.00564868,1.03255995,1.03255995,1.03255995,0.990049108,0.990049108,1.020227804,1.021155534,1.096774194
12/2/2020,671,1.00564868,1.03255995,1.03255995,1.03255995,0.990049108,0.990049108,1.020227804,1.021155534,1.096774194
12/3/2020,672,1.00564868,1.03255995,1.03255995,1.03255995,0.990049108,0.990049108,1.020227804,1.021155534,1.096774194
12/4/2020,673,1.00564868,1.03255995,1.03255995,1.03255995,0.990049108,0.990049108,1.020227804,1.021155534,1.096774194
12/5/2020,674,1.00564868,1.03255995,1.03255995,1.03255995,0.990049108,0.990049108,1.020227804,1.021155534,1.096774194
12/6/2020,675,1.00564868,1.03255995,1.03255995,1.03255995,0.990049108,0.990049108,1.020227804,1.021155534,1.096774194
12/7/2020,676,1.00564868,1.03255995,1.03255995,1.03255995,0.990049108,0.990049108,1.020227804,1.021155534,1.096774194
12/8/2020,677,1.00564868,1.03255995,1.03255995,1.03255995,0.990049108,0.990049108,1.020227804,1.021155534,1.096774194
12/9/2020,678,1.00564868,1.03255995,1.03255995,1.03255995,0.990049108,0.990049108,1.020227804,1.021155534,1.096774194
12/10/2020,679,1.00564868,1.03255995,1.03255995,1.03255995,0.990049108,0.990049108,1.020227804,1.021155534,1.096774194
12/11/2020,680,1.00564868,1.03255995,1.03255995,1.03255995,0.990049108,0.990049108,1.020227804,1.021155534,1.096774194
12/12/2020,681,1.00564868,1.03255995,1.03255995,1.03255995,0.990049108,0.990049108,1.020227804,1.021155534,1.096774194
12/13/2020,682,1.00564868,1.03255995,1.03255995,1.03255995,0.990049108,0.990049108,1.020227804,1.021155534,1.096774194
12/14/2020,683,1.00564868,1.03255995,1.03255995,1.03255995,0.990049108,0.990049108,1.020227804,1.021155534,1.096774194
12/15/2020,684,1.00564868,1.03255995,1.03255995,1.03255995,0.990049108,0.990049108,1.020227804,1.021155534,1.096774194
12/16/2020,685,1.00564868,1.03255995,1.03255995,1.03255995,0.990049108,0.990049108,1.020227804,1.021155534,1.096774194
12/17/2020,686,1.00564868,1.03255995,1.03255995,1.03255995,0.990049108,0.990049108,1.020227804,1.021155534,1.096774194
12/18/2020,687,1.00564868,1.03255995,1.03255995,1.03255995,0.990049108,0.990049108,1.020227804,1.021155534,1.096774194
12/19/2020,688,1.00564868,1.03255995,1.03255995,1.03255995,0.990049108,0.990049108,1.020227804,1.021155534,1.096774194
12/20/2020,689,1.00564868,1.03255995,1.03255995,1.03255995,0.990049108,0.990049108,1.020227804,1.021155534,1.096774194
12/21/2020,690,1.00564868,1.03255995,1.03255995,1.03255995,0.990049108,0.990049108,1.020227804,1.021155534,1.096774194
12/22/2020,691,1.00564868,1.03255995,1.03255995,1.03255995,0.990049108,0.990049108,1.020227804,1.021155534,1.096774194
12/23/2020,692,1.00564868,1.03255995,1.03255995,1.03255995,0.990049108,0.990049108,1.020227804,1.021155534,1.096774194
12/24/2020,693,1.00564868,1.03255995,1.03255995,1.03255995,0.990049108,0.990049108,1.020227804,1.021155534,1.096774194
12/25/2020,694,1.00564868,1.03255995,1.03255995,1.03255995,0.990049108,0.990049108,1.020227804,1.021155534,1.096774194
12/26/2020,695,1.00564868,1.03255995,1.03255995,1.03255995,0.990049108,0.990049108,1.020227804,1.021155534,1.096774194
12/27/2020,696,1.00564868,1.03255995,1.03255995,1.03255995,0.990049108,0.990049108,1.020227804,1.021155534,1.096774194
12/28/2020,697,1.00564868,1.03255995,1.03255995,1.03255995,0.990049108,0.990049108,1.020227804,1.021155534,1.096774194
12/29/2020,698,1.00564868,1.03255995,1.03255995,1.03255995,0.990049108,0.990049108,1.020227804,1.021155534,1.096774194
12/30/2020,699,1.00564868,1.03255995,1.03255995,1.03255995,0.990049108,0.990049108,1.020227804,1.021155534,1.096774194
12/31/2020,700,1.00564868,1.03255995,1.03255995,1.03255995,0.990049108,0.990049108,1.020227804,1.021155534,1.096774194
1/1/2021,701,1.00564868,1.03255995,1.03255995,1.03255995,0.990049108,0.990049108,1.020227804,1.021155534,1.290322581
1/2/2021,702,1.00564868,1.03255995,1.03255995,1.03255995,0.990049108,0.990049108,1.020227804,1.021155534,1.290322581
1/3/2021,703,1.00564868,1.03255995,1.03255995,1.03255995,0.990049108,0.990049108,1.020227804,1.021155534,1.290322581
1/4/2021,704,1.00564868,1.03255995,1.03255995,1.03255995,0.990049108,0.990049108,1.020227804,1.021155534,1.290322581
1/5/2021,705,1.00564868,1.03255995,1.03255995,1.03255995,0.990049108,0.990049108,1.020227804,1.021155534,1.290322581
1/6/2021,706,1.00564868,1.03255995,1.03255995,1.03255995,0.990049108,0.990049108,1.020227804,1.021155534,1.290322581
1/7/2021,707,1.00564868,1.03255995,1.03255995,1.03255995,0.990049108,0.990049108,1.020227804,1.021155534,1.290322581
1/8/2021,708,1.00564868,1.03255995,1.03255995,1.03255995,0.990049108,0.990049108,1.020227804,1.021155534,1.290322581
1/9/2021,709,1.00564868,1.03255995,1.03255995,1.03255995,0.990049108,0.990049108,1.020227804,1.021155534,1.290322581
1/10/2021,710,1.00564868,1.03255995,1.03255995,1.03255995,0.990049108,0.990049108,1.020227804,1.021155534,1.290322581
1/11/2021,711,1.00564868,1.03255995,1.03255995,1.03255995,0.990049108,0.990049108,1.020227804,1.021155534,1.290322581
1/12/2021,712,1.00564868,1.03255995,1.03255995,1.03255995,0.990049108,0.990049108,1.020227804,1.021155534,1.290322581
1/13/2021,713,1.00564868,1.03255995,1.03255995,1.03255995,0.990049108,0.990049108,1.020227804,1.021155534,1.290322581
1/14/2021,714,1.00564868,1.03255995,1.03255995,1.03255995,0.990049108,0.990049108,1.020227804,1.021155534,1.290322581
1/15/2021,715,1.00564868,1.03255995,1.03255995,1.03255995,0.990049108,0.990049108,1.020227804,1.021155534,1.290322581
1/16/2021,716,1.00564868,1.03255995,1.03255995,1.03255995,0.990049108,0.990049108,1.020227804,1.021155534,1.290322581
1/17/2021,717,1.00564868,1.03255995,1.03255995,1.03255995,0.990049108,0.990049108,1.020227804,1.021155534,1.290322581
1/18/2021,718,1.00564868,1.03255995,1.03255995,1.03255995,0.990049108,0.990049108,1.020227804,1.021155534,1.290322581
1/19/2021,719,1.00564868,1.03255995,1.03255995,1.03255995,0.990049108,0.990049108,1.020227804,1.021155534,1.290322581
1/20/2021,720,1.00564868,1.03255995,1.03255995,1.03255995,0.990049108,0.990049108,1.020227804,1.021155534,1.290322581
1/21/2021,721,1.00564868,1.03255995,1.03255995,1.03255995,0.990049108,0.990049108,1.020227804,1.021155534,1.290322581
1/22/2021,722,1.00564868,1.03255995,1.03255995,1.03255995,0.990049108,0.990049108,1.020227804,1.021155534,1.290322581
1/23/2021,723,1.00564868,1.03255995,1.03255995,1.03255995,0.990049108,0.990049108,1.020227804,1.021155534,1.290322581
1/24/2021,724,1.00564868,1.03255995,1.03255995,1.03255995,0.990049108,0.990049108,1.020227804,1.021155534,1.290322581
1/25/2021,725,1.00564868,1.03255995,1.03255995,1.03255995,0.990049108,0.990049108,1.020227804,1.021155534,1.290322581
1/26/2021,726,1.00564868,1.03255995,1.03255995,1.03255995,0.990049108,0.990049108,1.020227804,1.021155534,1.290322581
1/27/2021,727,1.00564868,1.03255995,1.03255995,1.03255995,0.990049108,0.990049108,1.020227804,1.021155534,1.290322581
1/28/2021,728,1.00564868,1.03255995,1.03255995,1.03255995,0.990049108,0.990049108,1.020227804,1.021155534,1.290322581
1/29/2021,729,1.00564868,1.03255995,1.03255995,1.03255995,0.990049108,0.990049108,1.020227804,1.021155534,1.290322581
1/30/2021,730,1.00564868,1.03255995,1.03255995,1.03255995,0.990049108,0.990049108,1.020227804,1.021155534,1.290322581
1/31/2021,731,1.00564868,1.03255995,1.03255995,1.03255995,0.990049108,0.990049108,1.020227804,1.021155534,1.290322581
2/1/2021,732,1.029493662,1.069670862,1.069670862,1.069670862,0.991178963,0.991178963,1.035933847,1.028867007,1.290322581
2/2/2021,733,1.029493662,1.069670862,1.069670862,1.069670862,0.991178963,0.991178963,1.035933847,1.028867007,1.290322581
2/3/2021,734,1.029493662,1.069670862,1.069670862,1.069670862,0.991178963,0.991178963,1.035933847,1.028867007,1.290322581
2/4/2021,735,1.029493662,1.069670862,1.069670862,1.069670862,0.991178963,0.991178963,1.035933847,1.028867007,1.290322581
2/5/2021,736,1.029493662,1.069670862,1.069670862,1.069670862,0.991178963,0.991178963,1.035933847,1.028867007,1.290322581
2/6/2021,737,1.029493662,1.069670862,1.069670862,1.069670862,0.991178963,0.991178963,1.035933847,1.028867007,1.290322581
2/7/2021,738,1.029493662,1.069670862,1.069670862,1.069670862,0.991178963,0.991178963,1.035933847,1.028867007,1.290322581
2/8/2021,739,1.029493662,1.069670862,1.069670862,1.069670862,0.991178963,0.991178963,1.035933847,1.028867007,1.290322581
2/9/2021,740,1.029493662,1.069670862,1.069670862,1.069670862,0.991178963,0.991178963,1.035933847,1.028867007,1.290322581
2/10/2021,741,1.029493662,1.069670862,1.069670862,1.069670862,0.991178963,0.991178963,1.035933847,1.028867007,1.290322581
2/11/2021,742,1.029493662,1.069670862,1.069670862,1.069670862,0.991178963,0.991178963,1.035933847,1.028867007,1.290322581
2/12/2021,743,1.029493662,1.069670862,1.069670862,1.069670862,0.991178963,0.991178963,1.035933847,1.028867007,1.290322581
2/13/2021,744,1.029493662,1.069670862,1.069670862,1.069670862,0.991178963,0.991178963,1.035933847,1.028867007,1.290322581
2/14/2021,745,1.029493662,1.069670862,1.069670862,1.069670862,0.991178963,0.991178963,1.035933847,1.028867007,1.290322581
2/15/2021,746,1.029493662,1.069670862,1.069670862,1.069670862,0.991178963,0.991178963,1.035933847,1.028867007,1.290322581
2/16/2021,747,1.029493662,1.069670862,1.069670862,1.069670862,0.991178963,0.991178963,1.035933847,1.028867007,1.290322581
2/17/2021,748,1.029493662,1.069670862,1.069670862,1.069670862,0.991178963,0.991178963,1.035933847,1.028867007,1.290322581
2/18/2021,749,1.029493662,1.069670862,1.069670862,1.069670862,0.991178963,0.991178963,1.035933847,1.028867007,1.290322581
2/19/2021,750,1.029493662,1.069670862,1.069670862,1.069670862,0.991178963,0.991178963,1.035933847,1.028867007,1.290322581
2/20/2021,751,1.029493662,1.069670862,1.069670862,1.069670862,0.991178963,0.991178963,1.035933847,1.028867007,1.290322581
2/21/2021,752,1.029493662,1.069670862,1.069670862,1.069670862,0.991178963,0.991178963,1.035933847,1.028867007,1.290322581
2/22/2021,753,1.029493662,1.069670862,1.069670862,1.069670862,0.991178963,0.991178963,1.035933847,1.028867007,1.290322581
2/23/2021,754,1.029493662,1.069670862,1.069670862,1.069670862,0.991178963,0.991178963,1.035933847,1.028867007,1.290322581
2/24/2021,755,1.029493662,1.069670862,1.069670862,1.069670862,0.991178963,0.991178963,1.035933847,1.028867007,1.290322581
2/25/2021,756,1.029493662,1.069670862,1.069670862,1.069670862,0.991178963,0.991178963,1.035933847,1.028867007,1.290322581
2/26/2021,757,1.029493662,1.069670862,1.069670862,1.069670862,0.991178963,0.991178963,1.035933847,1.028867007,1.290322581
2/27/2021,758,1.029493662,1.069670862,1.069670862,1.069670862,0.991178963,0.991178963,1.035933847,1.028867007,1.290322581
2/28/2021,759,1.029493662,1.069670862,1.069670862,1.069670862,0.991178963,0.991178963,1.035933847,1.028867007,1.290322581
3/1/2021,760,1.029493662,1.069670862,1.069670862,1.069670862,0.991178963,0.991178963,1.035933847,1.028867007,1.290322581
3/2/2021,761,1.029493662,1.069670862,1.069670862,1.069670862,0.991178963,0.991178963,1.035933847,1.028867007,1.290322581
3/3/2021,762,1.029493662,1.069670862,1.069670862,1.069670862,0.991178963,0.991178963,1.035933847,1.028867007,1.290322581
3/4/2021,763,1.029493662,1.069670862,1.069670862,1.069670862,0.991178963,0.991178963,1.035933847,1.028867007,1.290322581
3/5/2021,764,1.029493662,1.069670862,1.069670862,1.069670862,0.991178963,0.991178963,1.035933847,1.028867007,1.290322581
3/6/2021,765,1.029493662,1.069670862,1.069670862,1.069670862,0.991178963,0.991178963,1.035933847,1.028867007,1.290322581
3/7/2021,766,1.029493662,1.069670862,1.069670862,1.069670862,0.991178963,0.991178963,1.035933847,1.028867007,1.290322581
3/8/2021,767,1.029493662,1.069670862,1.069670862,1.069670862,0.991178963,0.991178963,1.035933847,1.028867007,1.290322581
3/9/2021,768,1.029493662,1.069670862,1.069670862,1.069670862,0.991178963,0.991178963,1.035933847,1.028867007,1.290322581
3/10/2021,769,1.029493662,1.069670862,1.069670862,1.069670862,0.991178963,0.991178963,1.035933847,1.028867007,1.290322581
3/11/2021,770,1.029493662,1.069670862,1.069670862,1.069670862,0.991178963,0.991178963,1.035933847,1.028867007,1.290322581
3/12/2021,771,1.029493662,1.069670862,1.069670862,1.069670862,0.991178963,0.991178963,1.035933847,1.028867007,1.290322581
3/13/2021,772,1.029493662,1.069670862,1.069670862,1.069670862,0.991178963,0.991178963,1.035933847,1.028867007,1.290322581
3/14/2021,773,1.029493662,1.069670862,1.069670862,1.069670862,0.991178963,0.991178963,1.035933847,1.028867007,1.290322581
3/15/2021,774,1.029493662,1.069670862,1.069670862,1.069670862,0.991178963,0.991178963,1.035933847,1.028867007,1.290322581
3/16/2021,775,1.029493662,1.069670862,1.069670862,1.069670862,0.991178963,0.991178963,1.035933847,1.028867007,1.290322581
3/17/2021,776,1.029493662,1.069670862,1.069670862,1.069670862,0.991178963,0.991178963,1.035933847,1.028867007,1.290322581
3/18/2021,777,1.029493662,1.069670862,1.069670862,1.069670862,0.991178963,0.991178963,1.035933847,1.028867007,1.290322581
3/19/2021,778,1.029493662,1.069670862,1.069670862,1.069670862,0.991178963,0.991178963,1.035933847,1.028867007,1.290322581
3/20/2021,779,1.029493662,1.069670862,1.069670862,1.069670862,0.991178963,0.991178963,1.035933847,1.028867007,1.290322581
3/21/2021,780,1.029493662,1.069670862,1.069670862,1.069670862,0.991178963,0.991178963,1.035933847,1.028867007,1.290322581
3/22/2021,781,1.029493662,1.069670862,1.069670862,1.069670862,0.991178963,0.991178963,1.035933847,1.028867007,1.290322581
3/23/2021,782,1.029493662,1.069670862,1.069670862,1.069670862,0.991178963,0.991178963,1.035933847,1.028867007,1.290322581
3/24/2021,783,1.029493662,1.069670862,1.069670862,1.069670862,0.991178963,0.991178963,1.035933847,1.028867007,1.290322581
3/25/2021,784,1.029493662,1.069670862,1.069670862,1.069670862,0.991178963,0.991178963,1.035933847,1.028867007,1.290322581
3/26/2021,785,1.029493662,1.069670862,1.069670862,1.069670862,0.991178963,0.991178963,1.035933847,1.028867007,1.290322581
3/27/2021,786,1.029493662,1.069670862,1.069670862,1.069670862,0.991178963,0.991178963,1.035933847,1.028867007,1.290322581
3/28/2021,787,1.029493662,1.069670862,1.069670862,1.069670862,0.991178963,0.991178963,1.035933847,1.028867007,1.290322581
3/29/2021,788,1.029493662,1.069670862,1.069670862,1.069670862,0.991178963,0.991178963,1.035933847,1.028867007,1.290322581
3/30/2021,789,1.029493662,1.069670862,1.069670862,1.069670862,0.991178963,0.991178963,1.035933847,1.028867007,1.290322581
3/31/2021,790,1.029493662,1.069670862,1.069670862,1.069670862,0.991178963,0.991178963,1.035933847,1.028867007,1.290322581
4/1/2021,791,1.037164923,1.062501659,1.062501659,1.062501659,1.006037238,1.006037238,1.037456831,1.044826195,1.290322581
4/2/2021,792,1.037164923,1.062501659,1.062501659,1.062501659,1.006037238,1.006037238,1.037456831,1.044826195,1.290322581
4/3/2021,793,1.037164923,1.062501659,1.062501659,1.062501659,1.006037238,1.006037238,1.037456831,1.044826195,1.290322581
4/4/2021,794,1.037164923,1.062501659,1.062501659,1.062501659,1.006037238,1.006037238,1.037456831,1.044826195,1.290322581
4/5/2021,795,1.037164923,1.062501659,1.062501659,1.062501659,1.006037238,1.006037238,1.037456831,1.044826195,1.290322581
4/6/2021,796,1.037164923,1.062501659,1.062501659,1.062501659,1.006037238,1.006037238,1.037456831,1.044826195,1.290322581
4/7/2021,797,1.037164923,1.062501659,1.062501659,1.062501659,1.006037238,1.006037238,1.037456831,1.044826195,1.290322581
4/8/2021,798,1.037164923,1.062501659,1.062501659,1.062501659,1.006037238,1.006037238,1.037456831,1.044826195,1.290322581
4/9/2021,799,1.037164923,1.062501659,1.062501659,1.062501659,1.006037238,1.006037238,1.037456831,1.044826195,1.290322581
4/10/2021,800,1.037164923,1.062501659,1.062501659,1.062501659,1.006037238,1.006037238,1.037456831,1.044826195,1.290322581
4/11/2021,801,1.037164923,1.062501659,1.062501659,1.062501659,1.006037238,1.006037238,1.037456831,1.044826195,1.290322581
4/12/2021,802,1.037164923,1.062501659,1.062501659,1.062501659,1.006037238,1.006037238,1.037456831,1.044826195,1.290322581
4/13/2021,803,1.037164923,1.062501659,1.062501659,1.062501659,1.006037238,1.006037238,1.037456831,1.044826195,1.290322581
4/14/2021,804,1.037164923,1.062501659,1.062501659,1.062501659,1.006037238,1.006037238,1.037456831,1.044826195,1.290322581
4/15/2021,805,1.037164923,1.062501659,1.062501659,1.062501659,1.006037238,1.006037238,1.037456831,1.044826195,1.290322581
4/16/2021,806,1.037164923,1.062501659,1.062501659,1.062501659,1.006037238,1.006037238,1.037456831,1.044826195,1.290322581
4/17/2021,807,1.037164923,1.062501659,1.062501659,1.062501659,1.006037238,1.006037238,1.037456831,1.044826195,1.290322581
4/18/2021,808,1.037164923,1.062501659,1.062501659,1.062501659,1.006037238,1.006037238,1.037456831,1.044826195,1.290322581
4/19/2021,809,1.037164923,1.062501659,1.062501659,1.062501659,1.006037238,1.006037238,1.037456831,1.044826195,1.290322581
4/20/2021,810,1.037164923,1.062501659,1.062501659,1.062501659,1.006037238,1.006037238,1.037456831,1.044826195,1.290322581
4/21/2021,811,1.037164923,1.062501659,1.062501659,1.062501659,1.006037238,1.006037238,1.037456831,1.044826195,1.290322581
4/22/2021,812,1.037164923,1.062501659,1.062501659,1.062501659,1.006037238,1.006037238,1.037456831,1.044826195,1.290322581
4/23/2021,813,1.037164923,1.062501659,1.062501659,1.062501659,1.006037238,1.006037238,1.037456831,1.044826195,1.290322581
4/24/2021,814,1.037164923,1.062501659,1.062501659,1.062501659,1.006037238,1.006037238,1.037456831,1.044826195,1.290322581
4/25/2021,815,1.037164923,1.062501659,1.062501659,1.062501659,1.006037238,1.006037238,1.037456831,1.044826195,1.290322581
4/26/2021,816,1.037164923,1.062501659,1.062501659,1.062501659,1.006037238,1.006037238,1.037456831,1.044826195,1.290322581
4/27/2021,817,1.037164923,1.062501659,1.062501659,1.062501659,1.006037238,1.006037238,1.037456831,1.044826195,1.290322581
4/28/2021,818,1.037164923,1.062501659,1.062501659,1.062501659,1.006037238,1.006037238,1.037456831,1.044826195,1.290322581
4/29/2021,819,1.037164923,1.062501659,1.062501659,1.062501659,1.006037238,1.006037238,1.037456831,1.044826195,1.290322581
4/30/2021,820,1.037164923,1.062501659,1.062501659,1.062501659,1.006037238,1.006037238,1.037456831,1.044826195,1.290322581
5/1/2021,821,1.037164923,1.062501659,1.062501659,1.062501659,1.006037238,1.006037238,1.037456831,1.044826195,1.290322581
5/2/2021,822,1.037164923,1.062501659,1.062501659,1.062501659,1.006037238,1.006037238,1.037456831,1.044826195,1.290322581
5/3/2021,823,1.037164923,1.062501659,1.062501659,1.062501659,1.006037238,1.006037238,1.037456831,1.044826195,1.290322581
5/4/2021,824,1.037164923,1.062501659,1.062501659,1.062501659,1.006037238,1.006037238,1.037456831,1.044826195,1.290322581
5/5/2021,825,1.037164923,1.062501659,1.062501659,1.062501659,1.006037238,1.006037238,1.037456831,1.044826195,1.290322581
5/6/2021,826,1.037164923,1.062501659,1.062501659,1.062501659,1.006037238,1.006037238,1.037456831,1.044826195,1.290322581
5/7/2021,827,1.037164923,1.062501659,1.062501659,1.062501659,1.006037238,1.006037238,1.037456831,1.044826195,1.290322581
5/8/2021,828,1.037164923,1.062501659,1.062501659,1.062501659,1.006037238,1.006037238,1.037456831,1.044826195,1.290322581
5/9/2021,829,1.037164923,1.062501659,1.062501659,1.062501659,1.006037238,1.006037238,1.037456831,1.044826195,1.290322581
5/10/2021,830,1.037164923,1.062501659,1.062501659,1.062501659,1.006037238,1.006037238,1.037456831,1.044826195,1.290322581
5/11/2021,831,1.037164923,1.062501659,1.062501659,1.062501659,1.006037238,1.006037238,1.037456831,1.044826195,1.290322581
5/12/2021,832,1.037164923,1.062501659,1.062501659,1.062501659,1.006037238,1.006037238,1.037456831,1.044826195,1.290322581
5/13/2021,833,1.037164923,1.062501659,1.062501659,1.062501659,1.006037238,1.006037238,1.037456831,1.044826195,1.290322581
5/14/2021,834,1.037164923,1.062501659,1.062501659,1.062501659,1.006037238,1.006037238,1.037456831,1.044826195,1.290322581
5/15/2021,835,1.037164923,1.062501659,1.062501659,1.062501659,1.006037238,1.006037238,1.037456831,1.044826195,1.290322581
5/16/2021,836,1.037164923,1.062501659,1.062501659,1.062501659,1.006037238,1.006037238,1.037456831,1.044826195,1.290322581
5/17/2021,837,1.037164923,1.062501659,1.062501659,1.062501659,1.006037238,1.006037238,1.037456831,1.044826195,1.290322581
5/18/2021,838,1.037164923,1.062501659,1.062501659,1.062501659,1.006037238,1.006037238,1.037456831,1.044826195,1.290322581
5/19/2021,839,1.037164923,1.062501659,1.062501659,1.062501659,1.006037238,1.006037238,1.037456831,1.044826195,1.290322581
5/20/2021,840,1.037164923,1.062501659,1.062501659,1.062501659,1.006037238,1.006037238,1.037456831,1.044826195,1.290322581
5/21/2021,841,1.037164923,1.062501659,1.062501659,1.062501659,1.006037238,1.006037238,1.037456831,1.044826195,1.290322581
5/22/2021,842,1.037164923,1.062501659,1.062501659,1.062501659,1.006037238,1.006037238,1.037456831,1.044826195,1.290322581
5/23/2021,843,1.037164923,1.062501659,1.062501659,1.062501659,1.006037238,1.006037238,1.037456831,1.044826195,1.290322581
5/24/2021,844,1.037164923,1.062501659,1.062501659,1.062501659,1.006037238,1.006037238,1.037456831,1.044826195,1.290322581
5/25/2021,845,1.037164923,1.062501659,1.062501659,1.062501659,1.006037238,1.006037238,1.037456831,1.044826195,1.290322581
5/26/2021,846,1.037164923,1.062501659,1.062501659,1.062501659,1.006037238,1.006037238,1.037456831,1.044826195,1.290322581
5/27/2021,847,1.037164923,1.062501659,1.062501659,1.062501659,1.006037238,1.006037238,1.037456831,1.044826195,1.290322581
5/28/2021,848,1.037164923,1.062501659,1.062501659,1.062501659,1.006037238,1.006037238,1.037456831,1.044826195,1.290322581
5/29/2021,849,1.037164923,1.062501659,1.062501659,1.062501659,1.006037238,1.006037238,1.037456831,1.044826195,1.290322581
5/30/2021,850,1.037164923,1.062501659,1.062501659,1.062501659,1.006037238,1.006037238,1.037456831,1.044826195,1.290322581
5/31/2021,851,1.037164923,1.062501659,1.062501659,1.062501659,1.006037238,1.006037238,1.037456831,1.044826195,1.290322581
