Date,Day,Veg,Meat,Poultry,Fish,LegumesBeansNuts,Grains,EggCheese,Other
2/1/2019,1,0,0,0,0,0,0,0,0
2/2/2019,2,0,0,0,0,0,0,0,0
2/3/2019,3,0,0,0,0,0,0,0,0
2/4/2019,4,0,0,0,0,0,0,0,0
2/5/2019,5,0,0,0,0,0,0,0,0
2/6/2019,6,0,0,0,0,0,0,0,0
2/7/2019,7,0,0,0,0,0,0,0,0
2/8/2019,8,0,0,0,0,0,0,0,0
2/9/2019,9,0,0,0,0,0,0,0,0
2/10/2019,10,0,0,0,0,0,0,0,0
2/11/2019,11,0,0,0,0,0,0,0,0
2/12/2019,12,0,0,0,0,0,0,0,0
2/13/2019,13,0,0,0,0,0,0,0,0
2/14/2019,14,0,0,0,0,0,0,0,0
2/15/2019,15,0,0,0,0,0,0,0,0
2/16/2019,16,0,0,0,0,0,0,0,0
2/17/2019,17,0,0,0,0,0,0,0,0
2/18/2019,18,0,0,0,0,0,0,0,0
2/19/2019,19,0,0,0,0,0,0,0,0
2/20/2019,20,0,0,0,0,0,0,0,0
2/21/2019,21,0,0,0,0,0,0,0,0
2/22/2019,22,0,0,0,0,0,0,0,0
2/23/2019,23,0,0,0,0,0,0,0,0
2/24/2019,24,0,0,0,0,0,0,0,0
2/25/2019,25,0,0,0,0,0,0,0,0
2/26/2019,26,0,0,0,0,0,0,0,0
2/27/2019,27,0,0,0,0,0,0,0,0
2/28/2019,28,0,0,0,0,0,0,0,0
3/1/2019,29,0,0,0,0,0,0,0,0
3/2/2019,30,0,0,0,0,0,0,0,0
3/3/2019,31,0,0,0,0,0,0,0,0
3/4/2019,32,0,0,0,0,0,0,0,0
3/5/2019,33,0,0,0,0,0,0,0,0
3/6/2019,34,0,0,0,0,0,0,0,0
3/7/2019,35,0,0,0,0,0,0,0,0
3/8/2019,36,0,0,0,0,0,0,0,0
3/9/2019,37,0,0,0,0,0,0,0,0
3/10/2019,38,0,0,0,0,0,0,0,0
3/11/2019,39,0,0,0,0,0,0,0,0
3/12/2019,40,0,0,0,0,0,0,0,0
3/13/2019,41,0,0,0,0,0,0,0,0
3/14/2019,42,0,0,0,0,0,0,0,0
3/15/2019,43,0,0,0,0,0,0,0,0
3/16/2019,44,0,0,0,0,0,0,0,0
3/17/2019,45,0,0,0,0,0,0,0,0
3/18/2019,46,0,0,0,0,0,0,0,0
3/19/2019,47,0,0,0,0,0,0,0,0
3/20/2019,48,0,0,0,0,0,0,0,0
3/21/2019,49,0,0,0,0,0,0,0,0
3/22/2019,50,0,0,0,0,0,0,0,0
3/23/2019,51,0,0,0,0,0,0,0,0
3/24/2019,52,0,0,0,0,0,0,0,0
3/25/2019,53,0,0,0,0,0,0,0,0
3/26/2019,54,0,0,0,0,0,0,0,0
3/27/2019,55,0,0,0,0,0,0,0,0
3/28/2019,56,0,0,0,0,0,0,0,0
3/29/2019,57,0,0,0,0,0,0,0,0
3/30/2019,58,0,0,0,0,0,0,0,0
3/31/2019,59,0,0,0,0,0,0,0,0
4/1/2019,60,0,0,0,0,0,0,0,0
4/2/2019,61,0,0,0,0,0,0,0,0
4/3/2019,62,0,0,0,0,0,0,0,0
4/4/2019,63,0,0,0,0,0,0,0,0
4/5/2019,64,0,0,0,0,0,0,0,0
4/6/2019,65,0,0,0,0,0,0,0,0
4/7/2019,66,0,0,0,0,0,0,0,0
4/8/2019,67,0,0,0,0,0,0,0,0
4/9/2019,68,0,0,0,0,0,0,0,0
4/10/2019,69,0,0,0,0,0,0,0,0
4/11/2019,70,0,0,0,0,0,0,0,0
4/12/2019,71,0,0,0,0,0,0,0,0
4/13/2019,72,0,0,0,0,0,0,0,0
4/14/2019,73,0,0,0,0,0,0,0,0
4/15/2019,74,0,0,0,0,0,0,0,0
4/16/2019,75,0,0,0,0,0,0,0,0
4/17/2019,76,0,0,0,0,0,0,0,0
4/18/2019,77,0,0,0,0,0,0,0,0
4/19/2019,78,0,0,0,0,0,0,0,0
4/20/2019,79,0,0,0,0,0,0,0,0
4/21/2019,80,0,0,0,0,0,0,0,0
4/22/2019,81,0,0,0,0,0,0,0,0
4/23/2019,82,0,0,0,0,0,0,0,0
4/24/2019,83,0,0,0,0,0,0,0,0
4/25/2019,84,0,0,0,0,0,0,0,0
4/26/2019,85,0,0,0,0,0,0,0,0
4/27/2019,86,0,0,0,0,0,0,0,0
4/28/2019,87,0,0,0,0,0,0,0,0
4/29/2019,88,0,0,0,0,0,0,0,0
4/30/2019,89,0,0,0,0,0,0,0,0
5/1/2019,90,0,0,0,0,0,0,0,0
5/2/2019,91,0,0,0,0,0,0,0,0
5/3/2019,92,0,0,0,0,0,0,0,0
5/4/2019,93,0,0,0,0,0,0,0,0
5/5/2019,94,0,0,0,0,0,0,0,0
5/6/2019,95,0,0,0,0,0,0,0,0
5/7/2019,96,0,0,0,0,0,0,0,0
5/8/2019,97,0,0,0,0,0,0,0,0
5/9/2019,98,0,0,0,0,0,0,0,0
5/10/2019,99,0,0,0,0,0,0,0,0
5/11/2019,100,0,0,0,0,0,0,0,0
5/12/2019,101,0,0,0,0,0,0,0,0
5/13/2019,102,0,0,0,0,0,0,0,0
5/14/2019,103,0,0,0,0,0,0,0,0
5/15/2019,104,0,0,0,0,0,0,0,0
5/16/2019,105,0,0,0,0,0,0,0,0
5/17/2019,106,0,0,0,0,0,0,0,0
5/18/2019,107,0,0,0,0,0,0,0,0
5/19/2019,108,0,0,0,0,0,0,0,0
5/20/2019,109,0,0,0,0,0,0,0,0
5/21/2019,110,0,0,0,0,0,0,0,0
5/22/2019,111,0,0,0,0,0,0,0,0
5/23/2019,112,0,0,0,0,0,0,0,0
5/24/2019,113,0,0,0,0,0,0,0,0
5/25/2019,114,0,0,0,0,0,0,0,0
5/26/2019,115,0,0,0,0,0,0,0,0
5/27/2019,116,0,0,0,0,0,0,0,0
5/28/2019,117,0,0,0,0,0,0,0,0
5/29/2019,118,0,0,0,0,0,0,0,0
5/30/2019,119,0,0,0,0,0,0,0,0
5/31/2019,120,0,0,0,0,0,0,0,0
6/1/2019,121,0,0,0,0,0,0,0,0
6/2/2019,122,0,0,0,0,0,0,0,0
6/3/2019,123,0,0,0,0,0,0,0,0
6/4/2019,124,0,0,0,0,0,0,0,0
6/5/2019,125,0,0,0,0,0,0,0,0
6/6/2019,126,0,0,0,0,0,0,0,0
6/7/2019,127,0,0,0,0,0,0,0,0
6/8/2019,128,0,0,0,0,0,0,0,0
6/9/2019,129,0,0,0,0,0,0,0,0
6/10/2019,130,0,0,0,0,0,0,0,0
6/11/2019,131,0,0,0,0,0,0,0,0
6/12/2019,132,0,0,0,0,0,0,0,0
6/13/2019,133,0,0,0,0,0,0,0,0
6/14/2019,134,0,0,0,0,0,0,0,0
6/15/2019,135,0,0,0,0,0,0,0,0
6/16/2019,136,0,0,0,0,0,0,0,0
6/17/2019,137,0,0,0,0,0,0,0,0
6/18/2019,138,0,0,0,0,0,0,0,0
6/19/2019,139,0,0,0,0,0,0,0,0
6/20/2019,140,0,0,0,0,0,0,0,0
6/21/2019,141,0,0,0,0,0,0,0,0
6/22/2019,142,0,0,0,0,0,0,0,0
6/23/2019,143,0,0,0,0,0,0,0,0
6/24/2019,144,0,0,0,0,0,0,0,0
6/25/2019,145,0,0,0,0,0,0,0,0
6/26/2019,146,0,0,0,0,0,0,0,0
6/27/2019,147,0,0,0,0,0,0,0,0
6/28/2019,148,0,0,0,0,0,0,0,0
6/29/2019,149,0,0,0,0,0,0,0,0
6/30/2019,150,0,0,0,0,0,0,0,0
7/1/2019,151,0,0,0,0,0,0,0,0
7/2/2019,152,0,0,0,0,0,0,0,0
7/3/2019,153,0,0,0,0,0,0,0,0
7/4/2019,154,0,0,0,0,0,0,0,0
7/5/2019,155,0,0,0,0,0,0,0,0
7/6/2019,156,0,0,0,0,0,0,0,0
7/7/2019,157,0,0,0,0,0,0,0,0
7/8/2019,158,0,0,0,0,0,0,0,0
7/9/2019,159,0,0,0,0,0,0,0,0
7/10/2019,160,0,0,0,0,0,0,0,0
7/11/2019,161,0,0,0,0,0,0,0,0
7/12/2019,162,0,0,0,0,0,0,0,0
7/13/2019,163,0,0,0,0,0,0,0,0
7/14/2019,164,0,0,0,0,0,0,0,0
7/15/2019,165,0,0,0,0,0,0,0,0
7/16/2019,166,0,0,0,0,0,0,0,0
7/17/2019,167,0,0,0,0,0,0,0,0
7/18/2019,168,0,0,0,0,0,0,0,0
7/19/2019,169,0,0,0,0,0,0,0,0
7/20/2019,170,0,0,0,0,0,0,0,0
7/21/2019,171,0,0,0,0,0,0,0,0
7/22/2019,172,0,0,0,0,0,0,0,0
7/23/2019,173,0,0,0,0,0,0,0,0
7/24/2019,174,0,0,0,0,0,0,0,0
7/25/2019,175,0,0,0,0,0,0,0,0
7/26/2019,176,0,0,0,0,0,0,0,0
7/27/2019,177,0,0,0,0,0,0,0,0
7/28/2019,178,0,0,0,0,0,0,0,0
7/29/2019,179,0,0,0,0,0,0,0,0
7/30/2019,180,0,0,0,0,0,0,0,0
7/31/2019,181,0,0,0,0,0,0,0,0
8/1/2019,182,0,0,0,0,0,0,0,0
8/2/2019,183,0,0,0,0,0,0,0,0
8/3/2019,184,0,0,0,0,0,0,0,0
8/4/2019,185,0,0,0,0,0,0,0,0
8/5/2019,186,0,0,0,0,0,0,0,0
8/6/2019,187,0,0,0,0,0,0,0,0
8/7/2019,188,0,0,0,0,0,0,0,0
8/8/2019,189,0,0,0,0,0,0,0,0
8/9/2019,190,0,0,0,0,0,0,0,0
8/10/2019,191,0,0,0,0,0,0,0,0
8/11/2019,192,0,0,0,0,0,0,0,0
8/12/2019,193,0,0,0,0,0,0,0,0
8/13/2019,194,0,0,0,0,0,0,0,0
8/14/2019,195,0,0,0,0,0,0,0,0
8/15/2019,196,0,0,0,0,0,0,0,0
8/16/2019,197,0,0,0,0,0,0,0,0
8/17/2019,198,0,0,0,0,0,0,0,0
8/18/2019,199,0,0,0,0,0,0,0,0
8/19/2019,200,0,0,0,0,0,0,0,0
8/20/2019,201,0,0,0,0,0,0,0,0
8/21/2019,202,0,0,0,0,0,0,0,0
8/22/2019,203,0,0,0,0,0,0,0,0
8/23/2019,204,0,0,0,0,0,0,0,0
8/24/2019,205,0,0,0,0,0,0,0,0
8/25/2019,206,0,0,0,0,0,0,0,0
8/26/2019,207,0,0,0,0,0,0,0,0
8/27/2019,208,0,0,0,0,0,0,0,0
8/28/2019,209,0,0,0,0,0,0,0,0
8/29/2019,210,0,0,0,0,0,0,0,0
8/30/2019,211,0,0,0,0,0,0,0,0
8/31/2019,212,0,0,0,0,0,0,0,0
9/1/2019,213,0,0,0,0,0,0,0,0
9/2/2019,214,0,0,0,0,0,0,0,0
9/3/2019,215,0,0,0,0,0,0,0,0
9/4/2019,216,0,0,0,0,0,0,0,0
9/5/2019,217,0,0,0,0,0,0,0,0
9/6/2019,218,0,0,0,0,0,0,0,0
9/7/2019,219,0,0,0,0,0,0,0,0
9/8/2019,220,0,0,0,0,0,0,0,0
9/9/2019,221,0,0,0,0,0,0,0,0
9/10/2019,222,0,0,0,0,0,0,0,0
9/11/2019,223,0,0,0,0,0,0,0,0
9/12/2019,224,0,0,0,0,0,0,0,0
9/13/2019,225,0,0,0,0,0,0,0,0
9/14/2019,226,0,0,0,0,0,0,0,0
9/15/2019,227,0,0,0,0,0,0,0,0
9/16/2019,228,0,0,0,0,0,0,0,0
9/17/2019,229,0,0,0,0,0,0,0,0
9/18/2019,230,0,0,0,0,0,0,0,0
9/19/2019,231,0,0,0,0,0,0,0,0
9/20/2019,232,0,0,0,0,0,0,0,0
9/21/2019,233,0,0,0,0,0,0,0,0
9/22/2019,234,0,0,0,0,0,0,0,0
9/23/2019,235,0,0,0,0,0,0,0,0
9/24/2019,236,0,0,0,0,0,0,0,0
9/25/2019,237,0,0,0,0,0,0,0,0
9/26/2019,238,0,0,0,0,0,0,0,0
9/27/2019,239,0,0,0,0,0,0,0,0
9/28/2019,240,0,0,0,0,0,0,0,0
9/29/2019,241,0,0,0,0,0,0,0,0
9/30/2019,242,0,0,0,0,0,0,0,0
10/1/2019,243,0,0,0,0,0,0,0,0
10/2/2019,244,0,0,0,0,0,0,0,0
10/3/2019,245,0,0,0,0,0,0,0,0
10/4/2019,246,0,0,0,0,0,0,0,0
10/5/2019,247,0,0,0,0,0,0,0,0
10/6/2019,248,0,0,0,0,0,0,0,0
10/7/2019,249,0,0,0,0,0,0,0,0
10/8/2019,250,0,0,0,0,0,0,0,0
10/9/2019,251,0,0,0,0,0,0,0,0
10/10/2019,252,0,0,0,0,0,0,0,0
10/11/2019,253,0,0,0,0,0,0,0,0
10/12/2019,254,0,0,0,0,0,0,0,0
10/13/2019,255,0,0,0,0,0,0,0,0
10/14/2019,256,0,0,0,0,0,0,0,0
10/15/2019,257,0,0,0,0,0,0,0,0
10/16/2019,258,0,0,0,0,0,0,0,0
10/17/2019,259,0,0,0,0,0,0,0,0
10/18/2019,260,0,0,0,0,0,0,0,0
10/19/2019,261,0,0,0,0,0,0,0,0
10/20/2019,262,0,0,0,0,0,0,0,0
10/21/2019,263,0,0,0,0,0,0,0,0
10/22/2019,264,0,0,0,0,0,0,0,0
10/23/2019,265,0,0,0,0,0,0,0,0
10/24/2019,266,0,0,0,0,0,0,0,0
10/25/2019,267,0,0,0,0,0,0,0,0
10/26/2019,268,0,0,0,0,0,0,0,0
10/27/2019,269,0,0,0,0,0,0,0,0
10/28/2019,270,0,0,0,0,0,0,0,0
10/29/2019,271,0,0,0,0,0,0,0,0
10/30/2019,272,0,0,0,0,0,0,0,0
10/31/2019,273,0,0,0,0,0,0,0,0
11/1/2019,274,0,0,0,0,0,0,0,0
11/2/2019,275,0,0,0,0,0,0,0,0
11/3/2019,276,0,0,0,0,0,0,0,0
11/4/2019,277,0,0,0,0,0,0,0,0
11/5/2019,278,0,0,0,0,0,0,0,0
11/6/2019,279,0,0,0,0,0,0,0,0
11/7/2019,280,0,0,0,0,0,0,0,0
11/8/2019,281,0,0,0,0,0,0,0,0
11/9/2019,282,0,0,0,0,0,0,0,0
11/10/2019,283,0,0,0,0,0,0,0,0
11/11/2019,284,0,0,0,0,0,0,0,0
11/12/2019,285,0,0,0,0,0,0,0,0
11/13/2019,286,0,0,0,0,0,0,0,0
11/14/2019,287,0,0,0,0,0,0,0,0
11/15/2019,288,0,0,0,0,0,0,0,0
11/16/2019,289,0,0,0,0,0,0,0,0
11/17/2019,290,0,0,0,0,0,0,0,0
11/18/2019,291,0,0,0,0,0,0,0,0
11/19/2019,292,0,0,0,0,0,0,0,0
11/20/2019,293,0,0,0,0,0,0,0,0
11/21/2019,294,0,0,0,0,0,0,0,0
11/22/2019,295,0,0,0,0,0,0,0,0
11/23/2019,296,0,0,0,0,0,0,0,0
11/24/2019,297,0,0,0,0,0,0,0,0
11/25/2019,298,0,0,0,0,0,0,0,0
11/26/2019,299,0,0,0,0,0,0,0,0
11/27/2019,300,0,0,0,0,0,0,0,0
11/28/2019,301,0,0,0,0,0,0,0,0
11/29/2019,302,0,0,0,0,0,0,0,0
11/30/2019,303,0,0,0,0,0,0,0,0
12/1/2019,304,0,0,0,0,0,0,0,0
12/2/2019,305,0,0,0,0,0,0,0,0
12/3/2019,306,0,0,0,0,0,0,0,0
12/4/2019,307,0,0,0,0,0,0,0,0
12/5/2019,308,0,0,0,0,0,0,0,0
12/6/2019,309,0,0,0,0,0,0,0,0
12/7/2019,310,0,0,0,0,0,0,0,0
12/8/2019,311,0,0,0,0,0,0,0,0
12/9/2019,312,0,0,0,0,0,0,0,0
12/10/2019,313,0,0,0,0,0,0,0,0
12/11/2019,314,0,0,0,0,0,0,0,0
12/12/2019,315,0,0,0,0,0,0,0,0
12/13/2019,316,0,0,0,0,0,0,0,0
12/14/2019,317,0,0,0,0,0,0,0,0
12/15/2019,318,0,0,0,0,0,0,0,0
12/16/2019,319,0,0,0,0,0,0,0,0
12/17/2019,320,0,0,0,0,0,0,0,0
12/18/2019,321,0,0,0,0,0,0,0,0
12/19/2019,322,0,0,0,0,0,0,0,0
12/20/2019,323,0,0,0,0,0,0,0,0
12/21/2019,324,0,0,0,0,0,0,0,0
12/22/2019,325,0,0,0,0,0,0,0,0
12/23/2019,326,0,0,0,0,0,0,0,0
12/24/2019,327,0,0,0,0,0,0,0,0
12/25/2019,328,0,0,0,0,0,0,0,0
12/26/2019,329,0,0,0,0,0,0,0,0
12/27/2019,330,0,0,0,0,0,0,0,0
12/28/2019,331,0,0,0,0,0,0,0,0
12/29/2019,332,0,0,0,0,0,0,0,0
12/30/2019,333,0,0,0,0,0,0,0,0
12/31/2019,334,0,0,0,0,0,0,0,0
1/1/2020,335,0,0,0,0,0,0,0,0
1/2/2020,336,0,0,0,0,0,0,0,0
1/3/2020,337,0,0,0,0,0,0,0,0
1/4/2020,338,0,0,0,0,0,0,0,0
1/5/2020,339,0,0,0,0,0,0,0,0
1/6/2020,340,0,0,0,0,0,0,0,0
1/7/2020,341,0,0,0,0,0,0,0,0
1/8/2020,342,0,0,0,0,0,0,0,0
1/9/2020,343,0,0,0,0,0,0,0,0
1/10/2020,344,0,0,0,0,0,0,0,0
1/11/2020,345,0,0,0,0,0,0,0,0
1/12/2020,346,0,0,0,0,0,0,0,0
1/13/2020,347,0,0,0,0,0,0,0,0
1/14/2020,348,0,0,0,0,0,0,0,0
1/15/2020,349,0,0,0,0,0,0,0,0
1/16/2020,350,0,0,0,0,0,0,0,0
1/17/2020,351,0,0,0,0,0,0,0,0
1/18/2020,352,0,0,0,0,0,0,0,0
1/19/2020,353,0,0,0,0,0,0,0,0
1/20/2020,354,0,0,0,0,0,0,0,0
1/21/2020,355,0,0,0,0,0,0,0,0
1/22/2020,356,0,0,0,0,0,0,0,0
1/23/2020,357,0,0,0,0,0,0,0,0
1/24/2020,358,0,0,0,0,0,0,0,0
1/25/2020,359,0,0,0,0,0,0,0,0
1/26/2020,360,0,0,0,0,0,0,0,0
1/27/2020,361,0,0,0,0,0,0,0,0
1/28/2020,362,0,0,0,0,0,0,0,0
1/29/2020,363,0,0,0,0,0,0,0,0
1/30/2020,364,0,0,0,0,0,0,0,0
1/31/2020,365,0,0,0,0,0,0,0,0
2/1/2020,366,0,0,0,0,0,0,0,0
2/2/2020,367,0,0,0,0,0,0,0,0
2/3/2020,368,0,0,0,0,0,0,0,0
2/4/2020,369,0,0,0,0,0,0,0,0
2/5/2020,370,0,0,0,0,0,0,0,0
2/6/2020,371,0,0,0,0,0,0,0,0
2/7/2020,372,0,0,0,0,0,0,0,0
2/8/2020,373,0,0,0,0,0,0,0,0
2/9/2020,374,0,0,0,0,0,0,0,0
2/10/2020,375,0,0,0,0,0,0,0,0
2/11/2020,376,0,0,0,0,0,0,0,0
2/12/2020,377,0,0,0,0,0,0,0,0
2/13/2020,378,0,0,0,0,0,0,0,0
2/14/2020,379,0,0,0,0,0,0,0,0
2/15/2020,380,0,0,0,0,0,0,0,0
2/16/2020,381,0,0,0,0,0,0,0,0
2/17/2020,382,0,0,0,0,0,0,0,0
2/18/2020,383,0,0,0,0,0,0,0,0
2/19/2020,384,0,0,0,0,0,0,0,0
2/20/2020,385,0,0,0,0,0,0,0,0
2/21/2020,386,0,0,0,0,0,0,0,0
2/22/2020,387,0,0,0,0,0,0,0,0
2/23/2020,388,0,0,0,0,0,0,0,0
2/24/2020,389,0,0,0,0,0,0,0,0
2/25/2020,390,0,0,0,0,0,0,0,0
2/26/2020,391,0,0,0,0,0,0,0,0
2/27/2020,392,0,0,0,0,0,0,0,0
2/28/2020,393,0,0,0,0,0,0,0,0
2/29/2020,394,0,0,0,0,0,0,0,0
3/1/2020,395,0,0,0,0,0,0,0,0
3/2/2020,396,0,0,0,0,0,0,0,0
3/3/2020,397,0,0,0,0,0,0,0,0
3/4/2020,398,0,0,0,0,0,0,0,0
3/5/2020,399,0,0,0,0,0,0,0,0
3/6/2020,400,0,0,0,0,0,0,0,0
3/7/2020,401,0,0,0,0,0,0,0,0
3/8/2020,402,0,0,0,0,0,0,0,0
3/9/2020,403,0,0,0,0,0,0,0,0
3/10/2020,404,0,0,0,0,0,0,0,0
3/11/2020,405,0,0,0,0,0,0,0,0
3/12/2020,406,0,0,0,0,0,0,0,0
3/13/2020,407,0,0,0,0,0,0,0,0
3/14/2020,408,0,0,0,0,0,0,0,0
3/15/2020,409,0,0,0,0,0,0,0,0
3/16/2020,410,0,0,0,0,0,0,0,0
3/17/2020,411,0,0,0,0,0,0,0,0
3/18/2020,412,0,0,0,0,0,0,0,0
3/19/2020,413,0,0,0,0,0,0,0,0
3/20/2020,414,0,0,0,0,0,0,0,0
3/21/2020,415,0,0,0,0,0,0,0,0
3/22/2020,416,0,0,0,0,0,0,0,0
3/23/2020,417,0,0,0,0,0,0,0,0
3/24/2020,418,0,0,0,0,0,0,0,0
3/25/2020,419,0,0,0,0,0,0,0,0
3/26/2020,420,0,0,0,0,0,0,0,0
3/27/2020,421,0,0,0,0,0,0,0,0
3/28/2020,422,0,0,0,0,0,0,0,0
3/29/2020,423,0,0,0,0,0,0,0,0
3/30/2020,424,0,0,0,0,0,0,0,0
3/31/2020,425,0,0,0,0,0,0,0,0
4/1/2020,426,0,0,0,0,0,0,0,0
4/2/2020,427,0,0,0,0,0,0,0,0
4/3/2020,428,0,0,0,0,0,0,0,0
4/4/2020,429,0,0,0,0,0,0,0,0
4/5/2020,430,0,0,0,0,0,0,0,0
4/6/2020,431,0,0,0,0,0,0,0,0
4/7/2020,432,0,0,0,0,0,0,0,0
4/8/2020,433,0,0,0,0,0,0,0,0
4/9/2020,434,0,0,0,0,0,0,0,0
4/10/2020,435,0,0,0,0,0,0,0,0
4/11/2020,436,0,0,0,0,0,0,0,0
4/12/2020,437,0,0,0,0,0,0,0,0
4/13/2020,438,0,0,0,0,0,0,0,0
4/14/2020,439,0,0,0,0,0,0,0,0
4/15/2020,440,0,0,0,0,0,0,0,0
4/16/2020,441,0,0,0,0,0,0,0,0
4/17/2020,442,0,0,0,0,0,0,0,0
4/18/2020,443,0,0,0,0,0,0,0,0
4/19/2020,444,0,0,0,0,0,0,0,0
4/20/2020,445,0,0,0,0,0,0,0,0
4/21/2020,446,0,0,0,0,0,0,0,0
4/22/2020,447,0,0,0,0,0,0,0,0
4/23/2020,448,0,0,0,0,0,0,0,0
4/24/2020,449,0,0,0,0,0,0,0,0
4/25/2020,450,0,0,0,0,0,0,0,0
4/26/2020,451,0,0,0,0,0,0,0,0
4/27/2020,452,0,0,0,0,0,0,0,0
4/28/2020,453,0,0,0,0,0,0,0,0
4/29/2020,454,0,0,0,0,0,0,0,0
4/30/2020,455,0,0,0,0,0,0,0,0
5/1/2020,456,0,0,0,0,0,0,0,0
5/2/2020,457,0,0,0,0,0,0,0,0
5/3/2020,458,0,0,0,0,0,0,0,0
5/4/2020,459,0,0,0,0,0,0,0,0
5/5/2020,460,0,0,0,0,0,0,0,0
5/6/2020,461,0,0,0,0,0,0,0,0
5/7/2020,462,0,0,0,0,0,0,0,0
5/8/2020,463,0,0,0,0,0,0,0,0
5/9/2020,464,0,0,0,0,0,0,0,0
5/10/2020,465,0,0,0,0,0,0,0,0
5/11/2020,466,0,0,0,0,0,0,0,0
5/12/2020,467,0,0,0,0,0,0,0,0
5/13/2020,468,0,0,0,0,0,0,0,0
5/14/2020,469,0,0,0,0,0,0,0,0
5/15/2020,470,0,0,0,0,0,0,0,0
5/16/2020,471,0,0,0,0,0,0,0,0
5/17/2020,472,0,0,0,0,0,0,0,0
5/18/2020,473,0,0,0,0,0,0,0,0
5/19/2020,474,0,0,0,0,0,0,0,0
5/20/2020,475,0,0,0,0,0,0,0,0
5/21/2020,476,0,0,0,0,0,0,0,0
5/22/2020,477,0,0,0,0,0,0,0,0
5/23/2020,478,0,0,0,0,0,0,0,0
5/24/2020,479,0,0,0,0,0,0,0,0
5/25/2020,480,0,0,0,0,0,0,0,0
5/26/2020,481,0,0,0,0,0,0,0,0
5/27/2020,482,0,0,0,0,0,0,0,0
5/28/2020,483,0,0,0,0,0,0,0,0
5/29/2020,484,0,0,0,0,0,0,0,0
5/30/2020,485,0,0,0,0,0,0,0,0
5/31/2020,486,0,0,0,0,0,0,0,0
6/1/2020,487,0,0,0,0,0,0,0,0
6/2/2020,488,0,0,0,0,0,0,0,0
6/3/2020,489,0,0,0,0,0,0,0,0
6/4/2020,490,0,0,0,0,0,0,0,0
6/5/2020,491,0,0,0,0,0,0,0,0
6/6/2020,492,0,0,0,0,0,0,0,0
6/7/2020,493,0,0,0,0,0,0,0,0
6/8/2020,494,0,0,0,0,0,0,0,0
6/9/2020,495,0,0,0,0,0,0,0,0
6/10/2020,496,0,0,0,0,0,0,0,0
6/11/2020,497,0,0,0,0,0,0,0,0
6/12/2020,498,0,0,0,0,0,0,0,0
6/13/2020,499,0,0,0,0,0,0,0,0
6/14/2020,500,0,0,0,0,0,0,0,0
6/15/2020,501,0,0,0,0,0,0,0,0
6/16/2020,502,0,0,0,0,0,0,0,0
6/17/2020,503,0,0,0,0,0,0,0,0
6/18/2020,504,0,0,0,0,0,0,0,0
6/19/2020,505,0,0,0,0,0,0,0,0
6/20/2020,506,0,0,0,0,0,0,0,0
6/21/2020,507,0,0,0,0,0,0,0,0
6/22/2020,508,0,0,0,0,0,0,0,0
6/23/2020,509,0,0,0,0,0,0,0,0
6/24/2020,510,0,0,0,0,0,0,0,0
6/25/2020,511,0,0,0,0,0,0,0,0
6/26/2020,512,0,0,0,0,0,0,0,0
6/27/2020,513,0,0,0,0,0,0,0,0
6/28/2020,514,0,0,0,0,0,0,0,0
6/29/2020,515,0,0,0,0,0,0,0,0
6/30/2020,516,0,0,0,0,0,0,0,0
7/1/2020,517,0,0,0,0,0,0,0,0
7/2/2020,518,0,0,0,0,0,0,0,0
7/3/2020,519,0,0,0,0,0,0,0,0
7/4/2020,520,0,0,0,0,0,0,0,0
7/5/2020,521,0,0,0,0,0,0,0,0
7/6/2020,522,0,0,0,0,0,0,0,0
7/7/2020,523,0,0,0,0,0,0,0,0
7/8/2020,524,0,0,0,0,0,0,0,0
7/9/2020,525,0,0,0,0,0,0,0,0
7/10/2020,526,0,0,0,0,0,0,0,0
7/11/2020,527,0,0,0,0,0,0,0,0
7/12/2020,528,0,0,0,0,0,0,0,0
7/13/2020,529,0,0,0,0,0,0,0,0
7/14/2020,530,0,0,0,0,0,0,0,0
7/15/2020,531,0,0,0,0,0,0,0,0
7/16/2020,532,0,0,0,0,0,0,0,0
7/17/2020,533,0,0,0,0,0,0,0,0
7/18/2020,534,0,0,0,0,0,0,0,0
7/19/2020,535,0,0,0,0,0,0,0,0
7/20/2020,536,0,0,0,0,0,0,0,0
7/21/2020,537,0,0,0,0,0,0,0,0
7/22/2020,538,0,0,0,0,0,0,0,0
7/23/2020,539,0,0,0,0,0,0,0,0
7/24/2020,540,0,0,0,0,0,0,0,0
7/25/2020,541,0,0,0,0,0,0,0,0
7/26/2020,542,0,0,0,0,0,0,0,0
7/27/2020,543,0,0,0,0,0,0,0,0
7/28/2020,544,0,0,0,0,0,0,0,0
7/29/2020,545,0,0,0,0,0,0,0,0
7/30/2020,546,0,0,0,0,0,0,0,0
7/31/2020,547,0,0,0,0,0,0,0,0
8/1/2020,548,0,0,0,0,0,0,0,0
8/2/2020,549,0,0,0,0,0,0,0,0
8/3/2020,550,0,0,0,0,0,0,0,0
8/4/2020,551,0,0,0,0,0,0,0,0
8/5/2020,552,0,0,0,0,0,0,0,0
8/6/2020,553,0,0,0,0,0,0,0,0
8/7/2020,554,0,0,0,0,0,0,0,0
8/8/2020,555,0,0,0,0,0,0,0,0
8/9/2020,556,0,0,0,0,0,0,0,0
8/10/2020,557,0,0,0,0,0,0,0,0
8/11/2020,558,0,0,0,0,0,0,0,0
8/12/2020,559,0,0,0,0,0,0,0,0
8/13/2020,560,0,0,0,0,0,0,0,0
8/14/2020,561,0,0,0,0,0,0,0,0
8/15/2020,562,0,0,0,0,0,0,0,0
8/16/2020,563,0,0,0,0,0,0,0,0
8/17/2020,564,0,0,0,0,0,0,0,0
8/18/2020,565,0,0,0,0,0,0,0,0
8/19/2020,566,0,0,0,0,0,0,0,0
8/20/2020,567,0,0,0,0,0,0,0,0
8/21/2020,568,0,0,0,0,0,0,0,0
8/22/2020,569,0,0,0,0,0,0,0,0
8/23/2020,570,0,0,0,0,0,0,0,0
8/24/2020,571,0,0,0,0,0,0,0,0
8/25/2020,572,0,0,0,0,0,0,0,0
8/26/2020,573,0,0,0,0,0,0,0,0
8/27/2020,574,0,0,0,0,0,0,0,0
8/28/2020,575,0,0,0,0,0,0,0,0
8/29/2020,576,0,0,0,0,0,0,0,0
8/30/2020,577,0,0,0,0,0,0,0,0
8/31/2020,578,0,0,0,0,0,0,0,0
9/1/2020,579,0,0,0,0,0,0,0,0
9/2/2020,580,0,0,0,0,0,0,0,0
9/3/2020,581,0,0,0,0,0,0,0,0
9/4/2020,582,0,0,0,0,0,0,0,0
9/5/2020,583,0,0,0,0,0,0,0,0
9/6/2020,584,0,0,0,0,0,0,0,0
9/7/2020,585,0,0,0,0,0,0,0,0
9/8/2020,586,0,0,0,0,0,0,0,0
9/9/2020,587,0,0,0,0,0,0,0,0
9/10/2020,588,0,0,0,0,0,0,0,0
9/11/2020,589,0,0,0,0,0,0,0,0
9/12/2020,590,0,0,0,0,0,0,0,0
9/13/2020,591,0,0,0,0,0,0,0,0
9/14/2020,592,0,0,0,0,0,0,0,0
9/15/2020,593,0,0,0,0,0,0,0,0
9/16/2020,594,0,0,0,0,0,0,0,0
9/17/2020,595,0,0,0,0,0,0,0,0
9/18/2020,596,0,0,0,0,0,0,0,0
9/19/2020,597,0,0,0,0,0,0,0,0
9/20/2020,598,0,0,0,0,0,0,0,0
9/21/2020,599,0,0,0,0,0,0,0,0
9/22/2020,600,0,0,0,0,0,0,0,0
9/23/2020,601,0,0,0,0,0,0,0,0
9/24/2020,602,0,0,0,0,0,0,0,0
9/25/2020,603,0,0,0,0,0,0,0,0
9/26/2020,604,0,0,0,0,0,0,0,0
9/27/2020,605,0,0,0,0,0,0,0,0
9/28/2020,606,0,0,0,0,0,0,0,0
9/29/2020,607,0,0,0,0,0,0,0,0
9/30/2020,608,0,0,0,0,0,0,0,0
10/1/2020,609,0,0,0,0,0,0,0,0
10/2/2020,610,0,0,0,0,0,0,0,0
10/3/2020,611,0,0,0,0,0,0,0,0
10/4/2020,612,0,0,0,0,0,0,0,0
10/5/2020,613,0,0,0,0,0,0,0,0
10/6/2020,614,0,0,0,0,0,0,0,0
10/7/2020,615,0,0,0,0,0,0,0,0
10/8/2020,616,0,0,0,0,0,0,0,0
10/9/2020,617,0,0,0,0,0,0,0,0
10/10/2020,618,0,0,0,0,0,0,0,0
10/11/2020,619,0,0,0,0,0,0,0,0
10/12/2020,620,0,0,0,0,0,0,0,0
10/13/2020,621,0,0,0,0,0,0,0,0
10/14/2020,622,0,0,0,0,0,0,0,0
10/15/2020,623,0,0,0,0,0,0,0,0
10/16/2020,624,0,0,0,0,0,0,0,0
10/17/2020,625,0,0,0,0,0,0,0,0
10/18/2020,626,0,0,0,0,0,0,0,0
10/19/2020,627,0,0,0,0,0,0,0,0
10/20/2020,628,0,0,0,0,0,0,0,0
10/21/2020,629,0,0,0,0,0,0,0,0
10/22/2020,630,0,0,0,0,0,0,0,0
10/23/2020,631,0,0,0,0,0,0,0,0
10/24/2020,632,0,0,0,0,0,0,0,0
10/25/2020,633,0,0,0,0,0,0,0,0
10/26/2020,634,0,0,0,0,0,0,0,0
10/27/2020,635,0,0,0,0,0,0,0,0
10/28/2020,636,0,0,0,0,0,0,0,0
10/29/2020,637,0,0,0,0,0,0,0,0
10/30/2020,638,0,0,0,0,0,0,0,0
10/31/2020,639,0,0,0,0,0,0,0,0
11/1/2020,640,0,0,0,0,0,0,0,0
11/2/2020,641,0,0,0,0,0,0,0,0
11/3/2020,642,0,0,0,0,0,0,0,0
11/4/2020,643,0,0,0,0,0,0,0,0
11/5/2020,644,0,0,0,0,0,0,0,0
11/6/2020,645,0,0,0,0,0,0,0,0
11/7/2020,646,0,0,0,0,0,0,0,0
11/8/2020,647,0,0,0,0,0,0,0,0
11/9/2020,648,0,0,0,0,0,0,0,0
11/10/2020,649,0,0,0,0,0,0,0,0
11/11/2020,650,0,0,0,0,0,0,0,0
11/12/2020,651,0,0,0,0,0,0,0,0
11/13/2020,652,0,0,0,0,0,0,0,0
11/14/2020,653,0,0,0,0,0,0,0,0
11/15/2020,654,0,0,0,0,0,0,0,0
11/16/2020,655,0,0,0,0,0,0,0,0
11/17/2020,656,0,0,0,0,0,0,0,0
11/18/2020,657,0,0,0,0,0,0,0,0
11/19/2020,658,0,0,0,0,0,0,0,0
11/20/2020,659,0,0,0,0,0,0,0,0
11/21/2020,660,0,0,0,0,0,0,0,0
11/22/2020,661,0,0,0,0,0,0,0,0
11/23/2020,662,0,0,0,0,0,0,0,0
11/24/2020,663,0,0,0,0,0,0,0,0
11/25/2020,664,0,0,0,0,0,0,0,0
11/26/2020,665,0,0,0,0,0,0,0,0
11/27/2020,666,0,0,0,0,0,0,0,0
11/28/2020,667,0,0,0,0,0,0,0,0
11/29/2020,668,0,0,0,0,0,0,0,0
11/30/2020,669,0,0,0,0,0,0,0,0
12/1/2020,670,0,0,0,0,0,0,0,0
12/2/2020,671,0,0,0,0,0,0,0,0
12/3/2020,672,0,0,0,0,0,0,0,0
12/4/2020,673,0,0,0,0,0,0,0,0
12/5/2020,674,0,0,0,0,0,0,0,0
12/6/2020,675,0,0,0,0,0,0,0,0
12/7/2020,676,0,0,0,0,0,0,0,0
12/8/2020,677,0,0,0,0,0,0,0,0
12/9/2020,678,0,0,0,0,0,0,0,0
12/10/2020,679,0,0,0,0,0,0,0,0
12/11/2020,680,0,0,0,0,0,0,0,0
12/12/2020,681,0,0,0,0,0,0,0,0
12/13/2020,682,0,0,0,0,0,0,0,0
12/14/2020,683,0,0,0,0,0,0,0,0
12/15/2020,684,0,0,0,0,0,0,0,0
12/16/2020,685,0,0,0,0,0,0,0,0
12/17/2020,686,0,0,0,0,0,0,0,0
12/18/2020,687,0,0,0,0,0,0,0,0
12/19/2020,688,0,0,0,0,0,0,0,0
12/20/2020,689,0,0,0,0,0,0,0,0
12/21/2020,690,0,0,0,0,0,0,0,0
12/22/2020,691,0,0,0,0,0,0,0,0
12/23/2020,692,0,0,0,0,0,0,0,0
12/24/2020,693,0,0,0,0,0,0,0,0
12/25/2020,694,0,0,0,0,0,0,0,0
12/26/2020,695,0,0,0,0,0,0,0,0
12/27/2020,696,0,0,0,0,0,0,0,0
12/28/2020,697,0,0,0,0,0,0,0,0
12/29/2020,698,0,0,0,0,0,0,0,0
12/30/2020,699,0,0,0,0,0,0,0,0
12/31/2020,700,0,0,0,0,0,0,0,0
1/1/2021,701,0,0,0,0,0,0,0,0
1/2/2021,702,0,0,0,0,0,0,0,0
1/3/2021,703,0,0,0,0,0,0,0,0
1/4/2021,704,0,0,0,0,0,0,0,0
1/5/2021,705,0,0,0,0,0,0,0,0
1/6/2021,706,0,0,0,0,0,0,0,0
1/7/2021,707,0,0,0,0,0,0,0,0
1/8/2021,708,0,0,0,0,0,0,0,0
1/9/2021,709,0,0,0,0,0,0,0,0
1/10/2021,710,0,0,0,0,0,0,0,0
1/11/2021,711,0,0,0,0,0,0,0,0
1/12/2021,712,0,0,0,0,0,0,0,0
1/13/2021,713,0,0,0,0,0,0,0,0
1/14/2021,714,0,0,0,0,0,0,0,0
1/15/2021,715,0,0,0,0,0,0,0,0
1/16/2021,716,0,0,0,0,0,0,0,0
1/17/2021,717,0,0,0,0,0,0,0,0
1/18/2021,718,0,0,0,0,0,0,0,0
1/19/2021,719,0,0,0,0,0,0,0,0
1/20/2021,720,0,0,0,0,0,0,0,0
1/21/2021,721,0,0,0,0,0,0,0,0
1/22/2021,722,0,0,0,0,0,0,0,0
1/23/2021,723,0,0,0,0,0,0,0,0
1/24/2021,724,0,0,0,0,0,0,0,0
1/25/2021,725,0,0,0,0,0,0,0,0
1/26/2021,726,0,0,0,0,0,0,0,0
1/27/2021,727,0,0,0,0,0,0,0,0
1/28/2021,728,0,0,0,0,0,0,0,0
1/29/2021,729,0,0,0,0,0,0,0,0
1/30/2021,730,0,0,0,0,0,0,0,0
1/31/2021,731,0,0,0,0,0,0,0,0
2/1/2021,732,0,0,0,0,0,0,0,0
2/2/2021,733,0,0,0,0,0,0,0,0
2/3/2021,734,0,0,0,0,0,0,0,0
2/4/2021,735,0,0,0,0,0,0,0,0
2/5/2021,736,0,0,0,0,0,0,0,0
2/6/2021,737,0,0,0,0,0,0,0,0
2/7/2021,738,0,0,0,0,0,0,0,0
2/8/2021,739,0,0,0,0,0,0,0,0
2/9/2021,740,0,0,0,0,0,0,0,0
2/10/2021,741,0,0,0,0,0,0,0,0
2/11/2021,742,0,0,0,0,0,0,0,0
2/12/2021,743,0,0,0,0,0,0,0,0
2/13/2021,744,0,0,0,0,0,0,0,0
2/14/2021,745,0,0,0,0,0,0,0,0
2/15/2021,746,0,0,0,0,0,0,0,0
2/16/2021,747,0,0,0,0,0,0,0,0
2/17/2021,748,0,0,0,0,0,0,0,0
2/18/2021,749,0,0,0,0,0,0,0,0
2/19/2021,750,0,0,0,0,0,0,0,0
2/20/2021,751,0,0,0,0,0,0,0,0
2/21/2021,752,0,0,0,0,0,0,0,0
2/22/2021,753,0,0,0,0,0,0,0,0
2/23/2021,754,0,0,0,0,0,0,0,0
2/24/2021,755,0,0,0,0,0,0,0,0
2/25/2021,756,0,0,0,0,0,0,0,0
2/26/2021,757,0,0,0,0,0,0,0,0
2/27/2021,758,0,0,0,0,0,0,0,0
2/28/2021,759,0,0,0,0,0,0,0,0
3/1/2021,760,0,0,0,0,0,0,0,0
3/2/2021,761,0,0,0,0,0,0,0,0
3/3/2021,762,0,0,0,0,0,0,0,0
3/4/2021,763,0,0,0,0,0,0,0,0
3/5/2021,764,0,0,0,0,0,0,0,0
3/6/2021,765,0,0,0,0,0,0,0,0
3/7/2021,766,0,0,0,0,0,0,0,0
3/8/2021,767,0,0,0,0,0,0,0,0
3/9/2021,768,0,0,0,0,0,0,0,0
3/10/2021,769,0,0,0,0,0,0,0,0
3/11/2021,770,0,0,0,0,0,0,0,0
3/12/2021,771,0,0,0,0,0,0,0,0
3/13/2021,772,0,0,0,0,0,0,0,0
3/14/2021,773,0,0,0,0,0,0,0,0
3/15/2021,774,0,0,0,0,0,0,0,0
3/16/2021,775,0,0,0,0,0,0,0,0
3/17/2021,776,0,0,0,0,0,0,0,0
3/18/2021,777,0,0,0,0,0,0,0,0
3/19/2021,778,0,0,0,0,0,0,0,0
3/20/2021,779,0,0,0,0,0,0,0,0
3/21/2021,780,0,0,0,0,0,0,0,0
3/22/2021,781,0,0,0,0,0,0,0,0
3/23/2021,782,0,0,0,0,0,0,0,0
3/24/2021,783,0,0,0,0,0,0,0,0
3/25/2021,784,0,0,0,0,0,0,0,0
3/26/2021,785,0,0,0,0,0,0,0,0
3/27/2021,786,0,0,0,0,0,0,0,0
3/28/2021,787,0,0,0,0,0,0,0,0
3/29/2021,788,0,0,0,0,0,0,0,0
3/30/2021,789,0,0,0,0,0,0,0,0
3/31/2021,790,0,0,0,0,0,0,0,0
4/1/2021,791,0,0,0,0,0,0,0,0
4/2/2021,792,0,0,0,0,0,0,0,0
4/3/2021,793,0,0,0,0,0,0,0,0
4/4/2021,794,0,0,0,0,0,0,0,0
4/5/2021,795,0,0,0,0,0,0,0,0
4/6/2021,796,0,0,0,0,0,0,0,0
4/7/2021,797,0,0,0,0,0,0,0,0
4/8/2021,798,0,0,0,0,0,0,0,0
4/9/2021,799,0,0,0,0,0,0,0,0
4/10/2021,800,0,0,0,0,0,0,0,0
4/11/2021,801,0,0,0,0,0,0,0,0
4/12/2021,802,0,0,0,0,0,0,0,0
4/13/2021,803,0,0,0,0,0,0,0,0
4/14/2021,804,0,0,0,0,0,0,0,0
4/15/2021,805,0,0,0,0,0,0,0,0
4/16/2021,806,0,0,0,0,0,0,0,0
4/17/2021,807,0,0,0,0,0,0,0,0
4/18/2021,808,0,0,0,0,0,0,0,0
4/19/2021,809,0,0,0,0,0,0,0,0
4/20/2021,810,0,0,0,0,0,0,0,0
4/21/2021,811,0,0,0,0,0,0,0,0
4/22/2021,812,0,0,0,0,0,0,0,0
4/23/2021,813,0,0,0,0,0,0,0,0
4/24/2021,814,0,0,0,0,0,0,0,0
4/25/2021,815,0,0,0,0,0,0,0,0
4/26/2021,816,0,0,0,0,0,0,0,0
4/27/2021,817,0,0,0,0,0,0,0,0
4/28/2021,818,0,0,0,0,0,0,0,0
4/29/2021,819,0,0,0,0,0,0,0,0
4/30/2021,820,0,0,0,0,0,0,0,0
5/1/2021,821,0,0,0,0,0,0,0,0
5/2/2021,822,0,0,0,0,0,0,0,0
5/3/2021,823,0,0,0,0,0,0,0,0
5/4/2021,824,0,0,0,0,0,0,0,0
5/5/2021,825,0,0,0,0,0,0,0,0
5/6/2021,826,0,0,0,0,0,0,0,0
5/7/2021,827,0,0,0,0,0,0,0,0
5/8/2021,828,0,0,0,0,0,0,0,0
5/9/2021,829,0,0,0,0,0,0,0,0
5/10/2021,830,0,0,0,0,0,0,0,0
5/11/2021,831,0,0,0,0,0,0,0,0
5/12/2021,832,0,0,0,0,0,0,0,0
5/13/2021,833,0,0,0,0,0,0,0,0
5/14/2021,834,0,0,0,0,0,0,0,0
5/15/2021,835,0,0,0,0,0,0,0,0
5/16/2021,836,0,0,0,0,0,0,0,0
5/17/2021,837,0,0,0,0,0,0,0,0
5/18/2021,838,0,0,0,0,0,0,0,0
5/19/2021,839,0,0,0,0,0,0,0,0
5/20/2021,840,0,0,0,0,0,0,0,0
5/21/2021,841,0,0,0,0,0,0,0,0
5/22/2021,842,0,0,0,0,0,0,0,0
5/23/2021,843,0,0,0,0,0,0,0,0
5/24/2021,844,0,0,0,0,0,0,0,0
5/25/2021,845,0,0,0,0,0,0,0,0
5/26/2021,846,0,0,0,0,0,0,0,0
5/27/2021,847,0,0,0,0,0,0,0,0
5/28/2021,848,0,0,0,0,0,0,0,0
5/29/2021,849,0,0,0,0,0,0,0,0
5/30/2021,850,0,0,0,0,0,0,0,0
5/31/2021,851,0,0,0,0,0,0,0,0
